,Lat,Lon,Kommun,Lan,Quanity,Date
0,64.0240225924805,20.650909809080684,Robertsfors,Västerbotten,1,2018-09-14 00:00:00
1,56.72967709280335,15.956412552666194,Nybro,Kalmar,1,2018-09-14 00:00:00
2,55.61495385089934,14.276140612630535,Simrishamn,Skåne,10,2018-09-16 00:00:00
3,61.71439474385768,17.37262761686924,Hudiksvall,Gävleborg,1,2018-06-25 00:00:00
4,56.730930869656625,15.906115622033894,Nybro,Kalmar,1,2018-09-19 00:00:00
5,64.02516005249741,20.64969292872864,Robertsfors,Västerbotten,1,2018-09-14 00:00:00
6,62.57711956560844,15.342329320907075,Ånge,Västernorrland,1,2018-09-27 00:00:00
7,64.4592595613516,19.055091362990023,Vindeln,Västerbotten,1,2018-09-23 00:00:00
8,66.41833754346398,20.954387235554048,Jokkmokk,Norrbotten,1,2018-09-21 00:00:00
9,64.26308009324231,20.192353887064716,Umeå,Västerbotten,1,2018-09-15 00:00:00
10,64.26555729007008,20.191259313438163,Umeå,Västerbotten,1,2018-09-15 00:00:00
11,61.99008164116993,17.0267877098125,Nordanstig,Gävleborg,2,2018-03-19 00:00:00
12,60.15711299858264,16.72648463830713,Sala,Västmanland,5,2018-06-18 12:00:00
13,60.1556853265846,16.730424258192155,Sala,Västmanland,1,2018-06-18 12:00:00
14,60.163412315415535,16.725454001099248,Sala,Västmanland,1,2018-11-04 00:00:00
15,60.20935032457348,18.74622231516258,Norrtälje,Stockholm,5,2018-07-28 12:00:00
16,57.21859384075027,13.63118422848747,Gislaved,Jönköping,1,2018-06-25 00:00:00
17,64.2152567447377,19.710165347446956,Vindeln,Västerbotten,3,2018-06-05 00:00:00
18,57.60955116886492,18.373417318671937,Gotland,Gotland,5,2018-07-17 00:00:00
19,56.942200063085565,15.798245716341306,Uppvidinge,Kronoberg,200,2018-07-14 00:00:00
20,56.94134697506998,15.79832804468677,Uppvidinge,Kronoberg,3,2018-07-14 00:00:00
21,56.942200063085565,15.798245716341306,Uppvidinge,Kronoberg,6,2018-06-16 12:00:00
22,56.94134697506998,15.79832804468677,Uppvidinge,Kronoberg,4,2018-06-16 12:00:00
23,56.92660130532633,15.79161438525307,Uppvidinge,Kronoberg,1,2018-06-16 12:00:00
24,56.974141844743514,15.805934349968865,Uppvidinge,Kronoberg,1,2018-07-07 12:00:00
25,57.06123179263967,15.974625706175825,Högsby,Kalmar,1,2018-05-11 00:00:00
26,56.787562949630065,13.417261829780376,Ljungby,Kronoberg,1,2018-07-06 12:00:00
27,56.78741135933813,13.4173205722807,Ljungby,Kronoberg,1,2018-07-06 12:00:00
28,56.78651386914954,13.415020809027393,Ljungby,Kronoberg,40,2018-07-06 12:00:00
29,56.78741135933813,13.4173205722807,Ljungby,Kronoberg,1,2018-06-15 00:00:00
30,56.78651386914954,13.415020809027393,Ljungby,Kronoberg,4,2018-06-15 00:00:00
31,56.78795770781656,13.415829114718461,Ljungby,Kronoberg,2,2018-05-10 12:00:00
32,56.78741135933813,13.4173205722807,Ljungby,Kronoberg,1,2018-05-10 12:00:00
33,56.78651386914954,13.415020809027393,Ljungby,Kronoberg,14,2018-05-10 12:00:00
34,56.788280043574154,13.414368244885313,Ljungby,Kronoberg,1,2018-04-26 00:00:00
35,56.788280043574154,13.414368244885313,Ljungby,Kronoberg,1,2018-04-12 00:00:00
36,56.77775093365989,15.884811666097729,Nybro,Kalmar,100,2018-12-27 00:00:00
37,60.649612211027396,17.49227988150815,Älvkarleby,Uppsala,1,2018-02-17 00:00:00
38,63.79986087618257,20.46300090957975,Umeå,Västerbotten,1,2018-03-11 00:00:00
39,63.76721939767339,20.316249963410538,Umeå,Västerbotten,1,2018-03-28 00:00:00
40,59.79228174119151,16.071213995902763,Surahammar,Västmanland,1,2018-03-30 00:00:00
41,56.752629422015175,12.906374784552906,Halmstad,Halland,5,2018-04-12 00:00:00
42,61.99008164116993,17.0267877098125,Nordanstig,Gävleborg,8,2018-04-17 00:00:00
43,59.39477055379411,13.58231994261119,Karlstad,Värmland,1,2018-05-07 00:00:00
44,58.87152127440828,16.272847691088096,Katrineholm,Södermanland,1,2018-05-09 00:00:00
45,58.87152127440828,16.272847691088096,Katrineholm,Södermanland,1,2018-05-09 00:00:00
46,56.68077117526431,13.030214432892246,Halmstad,Halland,1,2018-05-20 00:00:00
47,59.74351542571546,17.781461619536707,Knivsta,Uppsala,1,2018-06-20 00:00:00
48,58.40856756308993,12.056338238390069,Uddevalla,Västra Götaland,1,2018-07-17 00:00:00
49,59.70862488623197,17.244044027399106,Enköping,Uppsala,1,2018-06-06 00:00:00
50,58.794706716391346,15.836823823933134,Finspång,Östergötland,5,2018-05-01 00:00:00
51,61.637757719144766,12.705236133390695,Älvdalen,Dalarna,1,2018-08-23 00:00:00
52,59.14332246776834,15.961057979532832,Vingåker,Södermanland,1000,2018-08-27 00:00:00
53,59.76074936057585,18.21653006217756,Norrtälje,Stockholm,1,2018-09-05 00:00:00
54,58.04283588583024,14.601264046916311,Jönköping,Jönköping,200,2018-09-01 00:00:00
55,56.67951948125369,13.176551892294478,Halmstad,Halland,500,2018-09-07 00:00:00
56,61.00137288872577,12.745890114121583,Malung-Sälen,Dalarna,1,2018-07-09 00:00:00
57,57.06123179263967,15.974625706175825,Högsby,Kalmar,1,2018-05-10 00:00:00
58,56.70515759143984,15.74940019887288,Nybro,Kalmar,1,2019-01-14 00:00:00
59,56.837482150963346,15.753115360827302,Nybro,Kalmar,1,2019-01-15 00:00:00
60,60.25712398916463,16.81880859782961,Sandviken,Gävleborg,1,2018-11-14 00:00:00
61,60.256777613625864,16.823024556193516,Sandviken,Gävleborg,1,2018-11-14 00:00:00
62,63.44166013828181,17.113742699100577,Sollefteå,Västernorrland,8,2018-06-13 12:00:00
63,63.44166013828181,17.113742699100577,Sollefteå,Västernorrland,35,2018-07-28 12:00:00
64,63.43760339666164,17.104019692887945,Sollefteå,Västernorrland,3,2018-07-28 12:00:00
65,66.4176936730475,20.947204417178956,Jokkmokk,Norrbotten,1,2018-06-27 00:00:00
66,59.556688369424585,15.017693894554238,Nora,Örebro,1,2019-02-16 00:00:00
67,56.76700362888616,15.895254990917294,Nybro,Kalmar,1,2019-02-20 00:00:00
68,56.76708452037653,15.895157065506766,Nybro,Kalmar,130,2019-02-22 00:00:00
69,56.93318171882085,15.950855908245781,Nybro,Kalmar,1,2019-02-26 00:00:00
70,56.71755493599639,13.020216228800184,Halmstad,Halland,3,2019-03-05 00:00:00
71,58.785977719605896,14.944248672028255,Askersund,Örebro,20,2019-03-23 00:00:00
72,56.705893718740334,15.7488439962754,Nybro,Kalmar,1,2019-03-29 00:00:00
73,56.152701487710274,13.58755097180695,Hässleholm,Skåne,1,2019-03-13 00:00:00
74,58.964697558511325,17.653791922231992,Södertälje,Stockholm,1,2019-04-01 00:00:00
75,59.12202770759622,15.210102984010138,Kumla,Örebro,1,2019-04-03 00:00:00
76,59.83045115699277,16.210912303353442,Surahammar,Västmanland,1,2018-06-02 00:00:00
77,59.82433576710115,16.199981607725064,Surahammar,Västmanland,1,2018-06-02 00:00:00
78,59.923301412806545,16.200849278979856,Sala,Västmanland,1,2018-07-02 12:00:00
79,58.76731924499049,17.07786739117015,Nyköping,Södermanland,1,2019-04-09 00:00:00
80,59.0543788019055,15.257455800286047,Hallsberg,Örebro,1,2019-04-10 00:00:00
81,58.03598299023058,16.131584874726883,Västervik,Kalmar,1,2019-04-11 00:00:00
82,59.77176417121225,17.570488217266906,Uppsala,Uppsala,2,2019-04-19 00:00:00
83,57.24966222380511,12.219122958330543,Varberg,Halland,50,2019-04-20 00:00:00
84,59.881546272105275,16.097084966634043,Surahammar,Västmanland,1,2019-04-28 00:00:00
85,56.72185327692647,16.370691555703715,Kalmar,Kalmar,1,2019-04-29 00:00:00
86,64.4629407171476,19.06118633035553,Vindeln,Västerbotten,1,2018-07-25 00:00:00
87,64.46312142621261,19.0615406499982,Vindeln,Västerbotten,2,2018-07-25 00:00:00
88,64.46342727096376,19.062325904607643,Vindeln,Västerbotten,12,2018-06-12 12:00:00
89,59.48399549852524,16.409263700216766,Västerås,Västmanland,1,2019-04-29 00:00:00
90,59.719951450924356,16.235025820842765,Surahammar,Västmanland,1,2019-05-03 00:00:00
91,59.17828067805018,17.974709992460824,Huddinge,Stockholm,1,2018-06-30 12:00:00
92,59.83484562863969,17.56092875012479,Uppsala,Uppsala,3,2019-05-12 00:00:00
93,59.7581348858635,17.54832582351845,Uppsala,Uppsala,1,2019-05-11 00:00:00
94,59.3826714022675,18.023074531821628,Solna,Stockholm,1,2019-05-01 00:00:00
95,59.06524203400104,16.61557450147884,Flen,Södermanland,100,2019-05-16 00:00:00
96,59.356307538051894,15.95712132184456,Arboga,Västmanland,200,2019-05-20 00:00:00
97,59.550151546999096,15.00117220241269,Nora,Örebro,20,2019-05-25 00:00:00
98,59.71139473462549,17.250151095141085,Enköping,Uppsala,100,2019-04-26 00:00:00
99,60.62750323351208,15.780319916485054,Falun,Dalarna,1,2019-05-25 00:00:00
100,57.9685651527992,16.562156179310435,Västervik,Kalmar,100,2019-05-31 00:00:00
101,64.02097901305804,20.6140608908159,Umeå,Västerbotten,1,2019-06-06 00:00:00
102,59.08477202286306,16.423751375323675,Katrineholm,Södermanland,20,2019-04-20 00:00:00
103,60.28814150994732,17.84533479958874,Östhammar,Uppsala,1,2019-04-13 00:00:00
104,57.15254857214164,15.314452856060088,Uppvidinge,Kronoberg,1,2019-04-25 00:00:00
105,57.934833228222914,15.721607841907389,Kinda,Östergötland,6,2019-05-31 00:00:00
106,59.36588708669232,16.42515767718173,Eskilstuna,Södermanland,50000,2019-06-19 00:00:00
107,58.8154502624101,16.109760904941293,Norrköping,Östergötland,3,2019-06-22 00:00:00
108,59.36588708669232,16.42515767718173,Eskilstuna,Södermanland,35,2019-06-19 00:00:00
109,58.80837018483056,16.767219490356453,Nyköping,Södermanland,10,2019-06-19 00:00:00
110,57.83260762584274,13.057800406741118,Borås,Västra Götaland,1,2019-06-27 00:00:00
111,58.95770954673558,16.295385709061158,Katrineholm,Södermanland,1000,2019-07-07 00:00:00
112,59.28146482169736,18.773292297535825,Värmdö,Stockholm,1,2019-06-09 00:00:00
113,59.06524203400104,16.61557450147884,Flen,Södermanland,1,2019-07-16 00:00:00
114,59.15376227142599,17.089833535583786,Gnesta,Södermanland,1,2019-07-21 00:00:00
115,59.558791908368526,15.018193004287776,Nora,Örebro,20,2019-07-22 00:00:00
116,59.54393248898963,18.13897807977637,Vallentuna,Stockholm,1,2019-07-31 00:00:00
117,59.76074936057585,18.21653006217756,Norrtälje,Stockholm,3,2019-08-01 00:00:00
118,58.37264957469636,15.673003286556673,Linköping,Östergötland,1,2019-08-02 00:00:00
119,57.49651430122883,16.04019902983344,Hultsfred,Kalmar,200,2019-08-04 00:00:00
120,59.963659747042044,17.721066727321983,Uppsala,Uppsala,10,2019-08-04 00:00:00
121,59.112698071535505,16.949544790626362,Gnesta,Södermanland,1,2019-08-07 00:00:00
122,58.68492976906933,17.014841603264976,Oxelösund,Södermanland,1,2019-08-13 00:00:00
123,58.68544487132869,17.01830812426438,Oxelösund,Södermanland,1,2019-08-13 00:00:00
124,67.89122975320858,20.741564278870477,Kiruna,Norrbotten,2,2019-07-07 00:00:00
125,58.746855950133195,17.463019497544455,Nyköping,Södermanland,1,2019-09-01 00:00:00
126,58.689876350346715,17.03105131899007,Oxelösund,Södermanland,1,2019-08-28 00:00:00
127,58.807449472945756,16.537928508658176,Katrineholm,Södermanland,1,2019-09-04 00:00:00
128,59.533723868749924,15.082562622893992,Nora,Örebro,1,2019-09-11 00:00:00
129,56.89683557620465,15.869406734498412,Nybro,Kalmar,1,2018-07-17 12:00:00
130,58.826534175963964,16.32279409492473,Katrineholm,Södermanland,1000,2019-09-14 00:00:00
131,56.092479564255115,12.719621701398829,Helsingborg,Skåne,1,2019-06-18 00:00:00
132,59.48212757697187,17.76703972277599,Upplands-Bro,Stockholm,1,2019-09-21 00:00:00
133,59.92761669230278,15.652565378853605,Skinnskatteberg,Västmanland,1,2019-09-26 00:00:00
134,59.08477202286306,16.423751375323675,Katrineholm,Södermanland,4,2019-04-20 00:00:00
135,58.69047638252255,17.039678123620494,Oxelösund,Södermanland,1,2019-09-29 00:00:00
136,59.81773700873181,17.66592429421895,Uppsala,Uppsala,1,2019-10-10 00:00:00
137,58.682013972025864,17.02887894268058,Oxelösund,Södermanland,1,2019-10-16 00:00:00
138,58.996358391544746,16.142578582466992,Katrineholm,Södermanland,1,2019-10-21 00:00:00
139,59.81803239298096,17.66535243580198,Uppsala,Uppsala,1,2019-10-14 00:00:00
140,60.92798548413875,15.52931098216822,Rättvik,Dalarna,1,2019-09-19 00:00:00
141,58.01254432138663,14.578241201553084,Jönköping,Jönköping,1,2019-08-01 00:00:00
142,58.68993367267269,17.039158821888034,Oxelösund,Södermanland,1,2019-10-28 00:00:00
143,59.31229965161968,18.146641937830136,Nacka,Stockholm,1,2019-05-31 00:00:00
144,56.83712130902502,15.749396862992853,Nybro,Kalmar,1,2019-09-26 00:00:00
145,64.26501619380552,20.185633820630503,Umeå,Västerbotten,1,2019-08-15 12:00:00
146,61.94731034072377,15.326022369373906,Ljusdal,Gävleborg,1,2019-06-03 12:00:00
147,59.25250772565261,14.417676508064448,Degerfors,Örebro,1,2020-01-03 00:00:00
148,56.77775093365989,15.884811666097729,Nybro,Kalmar,2,2020-01-06 00:00:00
149,58.89637380257623,16.312525203171965,Katrineholm,Södermanland,1,2020-01-21 00:00:00
150,57.75584422250659,15.597579127158602,Vimmerby,Kalmar,1,2020-01-20 00:00:00
151,58.95687248041504,16.31914595592386,Katrineholm,Södermanland,1,2020-01-24 00:00:00
152,59.1216520127646,16.756507248282812,Flen,Södermanland,5,2020-01-25 00:00:00
153,55.56484229485333,13.14374172373215,Malmö,Skåne,1,2020-01-13 00:00:00
154,58.56166675609532,12.170528411715274,Vänersborg,Västra Götaland,1,2020-02-04 00:00:00
155,62.93406246286624,17.20074069383585,Sollefteå,Västernorrland,1,2019-06-27 00:00:00
156,62.965983048764414,17.117034794309813,Sollefteå,Västernorrland,1,2019-06-27 00:00:00
157,57.44332290808618,18.795056412216262,Gotland,Gotland,30,2020-02-16 00:00:00
158,59.00496965681753,16.177900281003847,Katrineholm,Södermanland,1,2020-02-17 00:00:00
159,59.3305945652907,15.981953075971045,Eskilstuna,Södermanland,1,2020-03-07 00:00:00
160,56.7105567190166,15.971701307077527,Nybro,Kalmar,1,2020-03-06 00:00:00
161,59.339763350683064,15.100557486785027,Örebro,Örebro,10,2020-03-14 00:00:00
162,58.83230052362323,17.273762918238877,Nyköping,Södermanland,1,2020-03-14 00:00:00
163,58.98022446476974,16.382650035177708,Katrineholm,Södermanland,1,2020-03-20 00:00:00
164,64.2152567447377,19.710165347446956,Vindeln,Västerbotten,1,2018-06-05 00:00:00
165,63.731132495128186,20.297043655942527,Umeå,Västerbotten,1,2020-03-26 00:00:00
166,58.16003117802845,16.269869217308567,Åtvidaberg,Östergötland,1,2020-03-29 00:00:00
167,57.985652872516006,12.260373387161117,Ale,Västra Götaland,1,2018-07-14 00:00:00
168,64.1232382345496,20.04175968142202,Umeå,Västerbotten,1,2020-04-04 00:00:00
169,59.34422562160226,12.583723449176386,Säffle,Värmland,1,2020-04-06 00:00:00
170,57.68354909375961,14.35169068719819,Jönköping,Jönköping,2,2020-04-02 00:00:00
171,59.82858735432278,16.203972005758796,Surahammar,Västmanland,1,2020-04-08 00:00:00
172,59.00843658634929,17.071538432582454,Nyköping,Södermanland,1,2020-04-13 00:00:00
173,59.05377085234605,14.02680804822946,Kristinehamn,Värmland,1,2020-04-14 00:00:00
174,59.311226840573426,15.029704974526298,Örebro,Örebro,10,2020-04-16 00:00:00
175,58.51947950982581,15.997804614392118,Norrköping,Östergötland,1,2020-04-16 00:00:00
176,58.51868637657186,15.993819205775281,Norrköping,Östergötland,2,2020-04-21 00:00:00
177,56.008470402848005,13.05066424753178,Svalöv,Skåne,1,2020-04-22 00:00:00
178,56.460826404829874,15.464260135938266,Ronneby,Blekinge,1,2020-04-22 00:00:00
179,58.51868637657186,15.993819205775281,Norrköping,Östergötland,6,2020-04-24 00:00:00
180,59.55842291521534,15.629314062951359,Köping,Västmanland,1,2020-04-24 00:00:00
181,58.56714704861343,16.118813851766674,Norrköping,Östergötland,1,2020-04-26 00:00:00
182,56.72988477161482,15.911454930932308,Nybro,Kalmar,100,2020-04-27 00:00:00
183,57.38162377989377,18.72786740846121,Gotland,Gotland,50,2020-04-28 00:00:00
184,59.66660325050935,18.3455250521768,Vallentuna,Stockholm,1,2020-04-28 00:00:00
185,59.80805013883002,12.173087323497997,Eda,Värmland,1,2020-05-01 00:00:00
186,57.379289429704734,18.81435944349058,Gotland,Gotland,2,2020-05-03 00:00:00
187,59.13787180669869,16.7344905881143,Flen,Södermanland,1,2020-05-03 00:00:00
188,60.12962116293815,17.810122790444467,Uppsala,Uppsala,1,2020-05-08 00:00:00
189,58.46806434258574,13.655658781758152,Skara,Västra Götaland,1,2020-04-27 00:00:00
190,59.3403843006566,15.100843348678191,Örebro,Örebro,2,2020-05-16 00:00:00
191,63.92879353911902,20.40829918495321,Umeå,Västerbotten,1,2020-05-19 00:00:00
192,58.51868637657186,15.993819205775281,Norrköping,Östergötland,1,2020-05-20 00:00:00
193,59.982030352686806,17.73884380084524,Uppsala,Uppsala,1,2020-05-20 00:00:00
194,59.11702050631619,14.763768044609577,Lekeberg,Örebro,50,2020-05-21 00:00:00
195,59.91559457269523,17.755703120242398,Uppsala,Uppsala,10,2020-05-21 00:00:00
196,59.14029821473077,16.739151104712352,Flen,Södermanland,1,2020-05-21 00:00:00
197,59.8338721512081,17.52103243585306,Uppsala,Uppsala,3,2020-05-22 00:00:00
198,59.95417585158098,17.718174403868765,Uppsala,Uppsala,3,2020-05-23 00:00:00
199,59.98183116624073,17.738957602009705,Uppsala,Uppsala,10,2020-05-21 00:00:00
200,59.7752541913576,17.672106663852542,Knivsta,Uppsala,1,2020-05-09 00:00:00
201,59.799063140152306,17.993263773662814,Knivsta,Uppsala,1,2020-05-25 00:00:00
202,59.79205678419864,16.169235873191386,Surahammar,Västmanland,1,2020-05-24 00:00:00
203,58.92592890546639,16.27880723257002,Katrineholm,Södermanland,4,2020-05-22 00:00:00
204,57.442534472415964,16.637025264089356,Oskarshamn,Kalmar,1,2020-05-27 00:00:00
205,59.66680138475352,12.100022616237629,Eda,Värmland,1,2020-05-28 00:00:00
206,59.499452429263,16.26322906501694,Västerås,Västmanland,2,2020-05-29 00:00:00
207,56.2835606089051,13.36403678535621,Örkelljunga,Skåne,4,2020-05-27 00:00:00
208,64.2268756961336,15.646639264710513,Strömsund,Jämtland,4,2020-06-13 00:00:00
209,64.62830486169842,20.059151392515925,Skellefteå,Västerbotten,1,2020-06-16 00:00:00
210,60.255957438068975,12.777066117748792,Torsby,Värmland,50,2020-05-29 00:00:00
211,59.74351542571546,17.781461619536707,Knivsta,Uppsala,2,2020-05-30 00:00:00
212,58.80023290696251,14.828178007023176,Askersund,Örebro,1,2020-06-16 00:00:00
213,59.744667834946725,18.954058625894767,Norrtälje,Stockholm,1,2020-06-13 00:00:00
214,58.13300137101774,14.11880750864754,Tidaholm,Västra Götaland,1,2018-08-24 00:00:00
215,58.13463626098892,14.118169896707792,Tidaholm,Västra Götaland,1,2018-08-24 00:00:00
216,59.34339327177526,16.468614389939322,Eskilstuna,Södermanland,1,2020-06-24 00:00:00
217,59.0543788019055,15.257455800286047,Hallsberg,Örebro,1,2020-07-03 00:00:00
218,57.10428968386377,16.196397280206853,Mönsterås,Kalmar,1,2020-07-04 00:00:00
219,58.077774186021635,13.944731492179548,Tidaholm,Västra Götaland,1,2018-08-24 00:00:00
220,59.77798052687874,18.71129069927372,Norrtälje,Stockholm,1,2020-04-06 00:00:00
221,59.32800018908225,14.965308665993367,Örebro,Örebro,1,2020-07-20 00:00:00
222,59.24630287553588,15.213577787263011,Örebro,Örebro,1,2020-07-22 00:00:00
223,59.09567787334207,17.69238494330003,Botkyrka,Stockholm,1,2020-07-23 00:00:00
224,59.66970612990118,18.330865106471126,Vallentuna,Stockholm,1,2020-07-18 12:00:00
225,59.996385307964445,17.69549831946725,Uppsala,Uppsala,20,2020-06-04 00:00:00
226,59.78222715689676,17.56217202604387,Uppsala,Uppsala,1,2019-07-03 12:00:00
227,56.50458813822298,15.096860601958609,Tingsryd,Kronoberg,1,2019-06-16 00:00:00
228,56.50458813822298,15.096860601958609,Tingsryd,Kronoberg,1,2019-07-19 00:00:00
229,58.69011134965959,17.030887105998776,Oxelösund,Södermanland,1,2019-10-30 00:00:00
230,59.1216520127646,16.756507248282812,Flen,Södermanland,5,2019-11-02 00:00:00
231,56.01489992414315,13.402084796122052,Klippan,Skåne,1,2020-06-01 00:00:00
232,59.06227737357649,16.57611082506714,Flen,Södermanland,1000,2020-06-02 00:00:00
233,57.30618477401747,14.323164261269786,Värnamo,Jönköping,6,2019-05-10 12:00:00
234,57.30618477401747,14.323164261269786,Värnamo,Jönköping,2,2019-04-14 00:00:00
235,57.30618477401747,14.323164261269786,Värnamo,Jönköping,22,2019-05-26 12:00:00
236,63.7407458506764,18.76671002401379,Örnsköldsvik,Västernorrland,1,2019-05-08 12:00:00
237,63.74041770137531,18.766513548609776,Örnsköldsvik,Västernorrland,2,2019-05-08 12:00:00
238,63.74041770137531,18.766513548609776,Örnsköldsvik,Västernorrland,1,2019-06-17 12:00:00
239,60.460480372719566,17.317699098606894,Älvkarleby,Uppsala,1,2020-08-15 00:00:00
240,59.74547469075642,17.75245546157421,Knivsta,Uppsala,1,2020-08-24 00:00:00
241,56.50458813822298,15.096860601958609,Tingsryd,Kronoberg,1,2020-08-09 00:00:00
242,56.77775093365989,15.884811666097729,Nybro,Kalmar,25,2021-01-01 00:00:00
243,59.07748789909163,17.969498098579976,Haninge,Stockholm,1,2021-01-06 00:00:00
244,62.265600302703646,13.616180108451985,Härjedalen,Jämtland,1,2020-06-05 00:00:00
245,56.2287444421577,15.65367765885287,Karlskrona,Blekinge,1,2020-05-20 00:00:00
246,58.72482684378382,16.990951593419847,Nyköping,Södermanland,1,2021-01-10 00:00:00
247,59.395205112478784,16.991469105789104,Strängnäs,Södermanland,50,2021-01-13 00:00:00
248,64.56621722404182,19.494182052971787,Vindeln,Västerbotten,1,2020-06-17 00:00:00
249,64.55067896136933,19.279942628504298,Vindeln,Västerbotten,2,2020-06-17 00:00:00
250,64.60343585515278,20.028749371800625,Skellefteå,Västerbotten,1,2020-06-27 00:00:00
251,64.55067896136933,19.279942628504298,Vindeln,Västerbotten,1,2020-07-25 12:00:00
252,64.56585188523194,19.494425012482065,Vindeln,Västerbotten,2,2020-09-09 12:00:00
253,66.06257544036379,21.09162472286412,Boden,Norrbotten,3,2020-07-16 12:00:00
254,66.00617897016419,22.294379484396774,Luleå,Norrbotten,1,2020-07-18 12:00:00
255,65.9573440365191,21.547428853994163,Boden,Norrbotten,1,2020-07-16 12:00:00
256,65.95794679471504,21.547432173354263,Boden,Norrbotten,1,2020-07-16 12:00:00
257,63.79711801752307,20.447157388173736,Umeå,Västerbotten,1,2021-02-17 00:00:00
258,63.79623526590389,20.44721526977226,Umeå,Västerbotten,1,2021-02-17 00:00:00
259,63.7944276612913,20.447242777070915,Umeå,Västerbotten,1,2021-02-17 00:00:00
260,59.555360780795596,18.201777838218376,Vallentuna,Stockholm,20,2021-02-23 00:00:00
261,59.17824290031165,14.57260178301817,Lekeberg,Örebro,2,2018-06-02 12:00:00
262,59.13290938089974,14.470489514086392,Degerfors,Örebro,1,2018-07-08 12:00:00
263,59.13290938089974,14.470489514086392,Degerfors,Örebro,1,2018-06-02 12:00:00
264,59.198647956344274,14.42854428755147,Degerfors,Örebro,9,2018-06-02 12:00:00
265,59.491303648987056,14.988699461550425,Nora,Örebro,1,2018-07-07 00:00:00
266,59.491303648987056,14.988699461550425,Nora,Örebro,27,2018-05-31 12:00:00
267,59.47872585139014,14.989920956269112,Nora,Örebro,1,2018-05-31 12:00:00
268,59.47217485692038,14.971766913321959,Nora,Örebro,1,2018-07-07 00:00:00
269,59.47217485692038,14.971766913321959,Nora,Örebro,4,2018-05-31 12:00:00
270,58.88161181787488,14.477504019476491,Laxå,Örebro,94,2018-07-10 00:00:00
271,58.88161181787488,14.477504019476491,Laxå,Örebro,41,2018-06-03 12:00:00
272,59.0151018292405,14.398634916333332,Degerfors,Örebro,2,2018-06-03 12:00:00
273,59.00713316064499,14.403972893943465,Laxå,Örebro,2,2018-06-03 12:00:00
274,58.76879127950905,14.795444136970959,Askersund,Örebro,53,2018-05-30 12:00:00
275,58.781205972582285,14.764738725285607,Askersund,Örebro,1,2018-07-06 00:00:00
276,58.781205972582285,14.764738725285607,Askersund,Örebro,32,2018-05-30 12:00:00
277,59.311226840573426,15.029704974526298,Örebro,Örebro,2,2021-02-23 00:00:00
278,59.83002432520755,16.206663615522327,Surahammar,Västmanland,1,2021-02-25 00:00:00
279,59.303022078555706,16.95162382499459,Strängnäs,Södermanland,1,2020-08-18 00:00:00
280,60.46290788631689,17.315775924557034,Älvkarleby,Uppsala,1,2020-08-15 00:00:00
281,59.620485669692854,17.396259908100774,Håbo,Uppsala,1,2020-08-26 00:00:00
282,59.036738012707254,16.12078308606014,Vingåker,Södermanland,1,2020-08-26 00:00:00
283,63.22209123164263,15.739840126792025,Ragunda,Jämtland,2,2020-06-17 00:00:00
284,58.09640395365933,15.51674551581635,Kinda,Östergötland,1,2020-09-12 00:00:00
285,59.098151185091915,16.39404966666419,Katrineholm,Södermanland,100000,2020-09-23 00:00:00
286,58.91766954455758,16.271456342043262,Katrineholm,Södermanland,2,2020-08-04 00:00:00
287,64.21417367544328,19.21394655218513,Vindeln,Västerbotten,1,2020-09-29 00:00:00
288,60.01657714032682,16.856164559430766,Heby,Uppsala,1,2020-06-09 12:00:00
289,59.55215933779682,16.634900094062953,Västerås,Västmanland,1,2020-06-08 12:00:00
290,59.55421944238689,16.62992827777632,Västerås,Västmanland,1,2020-06-08 12:00:00
291,59.661770053251864,12.463118151901945,Arvika,Värmland,1,2020-10-03 00:00:00
292,59.68242130999259,17.377053995659132,Enköping,Uppsala,1,2020-09-13 00:00:00
293,58.98856294053924,17.206404418075813,Gnesta,Södermanland,14,2019-07-15 00:00:00
294,60.69583817864926,14.808181889412438,Leksand,Dalarna,29,2019-06-30 00:00:00
295,61.01110302927556,13.484930041286482,Malung-Sälen,Dalarna,1,2018-06-30 00:00:00
296,60.678271116196925,14.610606892430297,Leksand,Dalarna,1,2019-06-30 00:00:00
297,60.812644574768846,15.484668027845265,Leksand,Dalarna,2,2019-06-30 00:00:00
298,60.866906375547934,15.55258837539118,Leksand,Dalarna,2,2019-06-30 00:00:00
299,60.90511111369271,15.497004505493232,Rättvik,Dalarna,23,2019-06-30 00:00:00
300,58.876320849752034,17.462581867782294,Trosa,Södermanland,1,2020-10-19 00:00:00
301,58.4827450152257,13.212197854978474,Lidköping,Västra Götaland,1,2019-06-11 00:00:00
302,58.16345972106436,12.435331427186403,Trollhättan,Västra Götaland,1,2020-06-11 00:00:00
303,60.45495952297418,16.381963024642157,Hofors,Gävleborg,5,2020-05-21 00:00:00
304,63.722233693939714,20.26152996160754,Umeå,Västerbotten,1,2021-03-03 00:00:00
305,58.771774319526116,16.928677565387865,Nyköping,Södermanland,1,2020-07-10 12:00:00
306,63.79636341191315,20.570278547928314,Umeå,Västerbotten,1,2021-03-10 00:00:00
307,63.773910063364404,20.28067880365001,Umeå,Västerbotten,1,2021-03-17 00:00:00
308,58.81616455067024,16.639048037479565,Nyköping,Södermanland,1,2021-03-21 00:00:00
309,59.99358661434969,17.774610611475147,Uppsala,Uppsala,1,2021-03-27 00:00:00
310,58.92155160848979,16.24463609402059,Katrineholm,Södermanland,1,2021-03-26 00:00:00
311,59.13126193539102,16.347861410474874,Katrineholm,Södermanland,1,2021-03-26 00:00:00
312,58.89689466046178,16.31248077612927,Katrineholm,Södermanland,1,2021-03-26 00:00:00
313,58.731307794033135,17.09226559341301,Nyköping,Södermanland,1,2021-03-27 00:00:00
314,59.61296271076064,17.361053498084868,Enköping,Uppsala,100,2021-03-30 00:00:00
315,58.8174182528428,16.64093004875429,Nyköping,Södermanland,1,2021-03-30 00:00:00
316,58.81592580610638,16.639873062051894,Nyköping,Södermanland,1,2021-03-30 00:00:00
317,58.8174182528428,16.64093004875429,Nyköping,Södermanland,1,2021-03-30 00:00:00
318,58.81592580610638,16.639873062051894,Nyköping,Södermanland,1,2021-03-30 00:00:00
319,59.59296853691852,18.251850124482786,Vallentuna,Stockholm,100,2021-04-04 00:00:00
320,59.56041494475923,18.21409849811978,Vallentuna,Stockholm,100,2021-04-05 00:00:00
321,58.975765422125654,17.149962868603666,Nyköping,Södermanland,1,2021-04-03 00:00:00
322,59.5502314340751,18.138246336167075,Vallentuna,Stockholm,50,2021-04-06 00:00:00
323,59.59550759623267,18.23944052661114,Vallentuna,Stockholm,50,2021-04-08 00:00:00
324,59.55140833477986,18.181649236671582,Vallentuna,Stockholm,25,2021-04-10 00:00:00
325,59.95805459080881,17.350000988959238,Uppsala,Uppsala,2,2021-04-11 00:00:00
326,59.43896575920906,17.92069777330667,Sollentuna,Stockholm,1,2021-04-16 00:00:00
327,57.00947714594001,16.070512641723052,Högsby,Kalmar,1,2021-04-17 00:00:00
328,59.17828067805018,17.974709992460824,Huddinge,Stockholm,13,2018-07-20 12:00:00
329,58.904480907698584,16.24344827024864,Katrineholm,Södermanland,1,2021-08-17 00:00:00
330,59.70967833381767,17.248673454830143,Enköping,Uppsala,1,2021-04-19 00:00:00
331,58.67753318108004,15.94649158581357,Finspång,Östergötland,1,2021-08-20 00:00:00
332,59.93772891874023,18.412103331694496,Norrtälje,Stockholm,1,2021-08-10 00:00:00
333,59.94382274096602,18.41592907936369,Norrtälje,Stockholm,3,2021-08-10 00:00:00
334,59.93623533104493,18.412701928524967,Norrtälje,Stockholm,3,2021-08-10 00:00:00
335,59.93794782864142,18.413749122939695,Norrtälje,Stockholm,3,2021-08-10 00:00:00
336,62.5375514781773,15.532930405078561,Ånge,Västernorrland,1,2021-07-09 00:00:00
337,63.310126290011155,17.124034506511624,Sollefteå,Västernorrland,1,2021-07-30 00:00:00
338,63.30990649115268,17.12354568176678,Sollefteå,Västernorrland,1,2021-07-30 00:00:00
339,63.304698799578226,17.121014113008954,Sollefteå,Västernorrland,1,2021-07-30 00:00:00
340,58.84935634078204,15.850279970451837,Finspång,Östergötland,1,2021-09-07 00:00:00
341,56.45571679135993,14.551215667943941,Älmhult,Kronoberg,1,2021-09-24 00:00:00
342,59.29282903292806,15.120130860815486,Örebro,Örebro,1,2021-09-27 00:00:00
343,59.2925391209574,15.109484839036435,Örebro,Örebro,1,2021-09-27 00:00:00
344,59.29523800549723,15.120731706682397,Örebro,Örebro,1,2021-09-27 00:00:00
345,59.293504354356514,15.120520890428825,Örebro,Örebro,1,2021-09-27 00:00:00
346,59.075627978633385,16.695248282760662,Flen,Södermanland,1,2021-10-02 00:00:00
347,59.25395456447341,17.6922004000955,Salem,Stockholm,1,2021-10-04 00:00:00
348,64.68699003558359,19.01140841573751,Lycksele,Västerbotten,1,2021-06-16 00:00:00
349,64.68685513772405,19.01183290094559,Lycksele,Västerbotten,1,2021-06-16 00:00:00
350,64.68636904602359,19.012719190955135,Lycksele,Västerbotten,1,2021-06-16 00:00:00
351,56.89422726939558,14.533939368349136,Alvesta,Kronoberg,1,2021-05-15 00:00:00
352,56.88795260724668,14.545752480404724,Alvesta,Kronoberg,12,2021-05-15 00:00:00
353,56.88795260724668,14.545752480404724,Alvesta,Kronoberg,3,2021-05-15 00:00:00
354,56.88740264275189,14.54554130127046,Alvesta,Kronoberg,2,2021-05-15 00:00:00
355,56.89422726939558,14.533939368349136,Alvesta,Kronoberg,2,2021-06-14 12:00:00
356,59.77321121773846,17.56500988881979,Uppsala,Uppsala,5,2021-05-08 00:00:00
357,58.04565853653298,16.436412383925965,Västervik,Kalmar,1,2021-09-16 00:00:00
358,58.04565853653298,16.436412383925965,Västervik,Kalmar,8,2021-09-16 00:00:00
359,59.24946474747779,17.695318133176233,Salem,Stockholm,1,2021-10-18 00:00:00
360,59.94306704964991,17.73992169306071,Uppsala,Uppsala,1,2021-05-30 00:00:00
361,61.36355444822175,15.0308625121012,Orsa,Dalarna,1,2021-06-01 00:00:00
362,61.084571259505935,13.832250533948296,Älvdalen,Dalarna,1,2021-06-06 00:00:00
363,61.1951614701799,13.68293297023654,Älvdalen,Dalarna,1,2021-06-06 00:00:00
364,59.94304066215521,17.739884365412877,Uppsala,Uppsala,1,2021-06-11 00:00:00
365,59.27513616699679,16.314118432305794,Eskilstuna,Södermanland,1,2021-10-27 00:00:00
366,59.268627825833995,16.327787162501675,Eskilstuna,Södermanland,1,2021-10-27 00:00:00
367,60.523693032231485,15.720238516558645,Falun,Dalarna,1,2021-06-10 12:00:00
368,60.63971646962647,15.838717023021072,Falun,Dalarna,1,2021-06-10 12:00:00
369,56.1095802791715,15.467027901761597,Karlskrona,Blekinge,1,2021-11-04 00:00:00
370,59.75999958477448,17.339605654428347,Enköping,Uppsala,5,2021-07-06 00:00:00
371,57.34556292480217,12.558417002933092,Mark,Västra Götaland,1,2021-05-13 00:00:00
372,57.81253256190855,16.138688854708143,Västervik,Kalmar,1,2021-11-18 00:00:00
373,59.877508913101956,16.032074743310762,Fagersta,Västmanland,1,2021-11-29 00:00:00
374,56.00353268908939,13.240217010826006,Svalöv,Skåne,1,2021-05-30 00:00:00
375,63.74879806986653,20.308964612476128,Umeå,Västerbotten,1,2021-06-03 00:00:00
376,63.75122881471513,20.31170647940001,Umeå,Västerbotten,22,2021-06-03 00:00:00
377,63.75061174999543,20.31160800869838,Umeå,Västerbotten,24000,2021-06-03 00:00:00
378,63.748783442184795,20.30914491738337,Umeå,Västerbotten,1,2021-07-27 12:00:00
379,63.75122881471513,20.31170647940001,Umeå,Västerbotten,1,2021-07-27 12:00:00
380,63.75061174999543,20.31160800869838,Umeå,Västerbotten,10000,2021-07-27 12:00:00
381,63.75061174999543,20.31160800869838,Umeå,Västerbotten,4000,2021-09-24 12:00:00
382,59.27720305952875,16.344844577669665,Eskilstuna,Södermanland,1,2021-12-19 00:00:00
383,64.24065431287167,20.296207436722852,Umeå,Västerbotten,1,2021-07-21 00:00:00
384,64.35833969329082,20.007173458821732,Vindeln,Västerbotten,1,2021-07-18 00:00:00
385,64.27478809943709,20.281269823125925,Umeå,Västerbotten,1,2021-07-21 00:00:00
386,64.17231263420528,19.557154126211046,Vindeln,Västerbotten,2,2021-07-30 00:00:00
387,56.74731359042183,15.875513690002924,Nybro,Kalmar,1,2022-01-01 00:00:00
388,56.76163466326986,15.87962764369487,Nybro,Kalmar,1,2022-01-04 00:00:00
389,59.66718955316579,12.100086285265242,Eda,Värmland,1,2021-08-15 12:00:00
390,59.857081507365265,12.458935569866547,Arvika,Värmland,1,2021-08-15 12:00:00
391,56.61845933870454,15.745018717150641,Nybro,Kalmar,1,2021-07-24 00:00:00
392,56.61845933870454,15.745018717150641,Nybro,Kalmar,1,2021-06-22 12:00:00
393,56.61748983857998,15.745802114358122,Nybro,Kalmar,1,2021-06-22 12:00:00
394,56.61845933870454,15.745018717150641,Nybro,Kalmar,1,2021-05-15 12:00:00
395,63.799065294703496,20.455346587747783,Umeå,Västerbotten,1,2022-01-20 00:00:00
396,64.1715927717177,19.55825097615678,Vindeln,Västerbotten,1,2021-07-22 00:00:00
397,55.66008696330982,13.576255510268242,Lund,Skåne,1,2020-05-05 00:00:00
398,56.927510662258264,16.08192182759413,Nybro,Kalmar,1,2021-05-13 00:00:00
399,59.311226840573426,15.029704974526298,Örebro,Örebro,2,2022-01-30 00:00:00
400,60.1077507010858,18.306050033955383,Östhammar,Uppsala,4,2020-06-29 00:00:00
401,60.11194656147533,18.28636290139753,Östhammar,Uppsala,26,2020-06-29 00:00:00
402,60.112768725630715,18.289447206883924,Östhammar,Uppsala,1,2020-06-29 00:00:00
403,66.34766155660739,20.5268866703363,Jokkmokk,Norrbotten,1,2021-06-10 00:00:00
404,62.21682698351147,16.63111620886557,Sundsvall,Västernorrland,5,2021-06-16 00:00:00
405,62.17721241753273,16.890125994904142,Sundsvall,Västernorrland,1,2021-06-16 12:00:00
406,62.17710206207409,16.890467607938206,Sundsvall,Västernorrland,1,2021-06-16 12:00:00
407,62.7572240477383,18.05230052022221,Härnösand,Västernorrland,3,2021-06-18 12:00:00
408,62.75688389910644,18.05280331959296,Härnösand,Västernorrland,1,2021-06-18 12:00:00
409,62.62212182377043,16.312565282095463,Ånge,Västernorrland,1,2021-06-14 00:00:00
410,62.613340779093676,16.92247770483287,Sundsvall,Västernorrland,2,2021-06-14 12:00:00
411,60.59288853676746,17.56333670092673,Älvkarleby,Uppsala,1,2022-01-24 00:00:00
412,59.56125660681284,18.213256179320485,Vallentuna,Stockholm,10,2022-02-14 00:00:00
413,59.3321693064099,12.992245214793613,Grums,Värmland,1,2021-08-15 12:00:00
414,63.79846398149468,20.551296875949724,Umeå,Västerbotten,1,2022-03-01 00:00:00
415,66.20266233074211,21.455669857843304,Boden,Norrbotten,1,2021-06-12 12:00:00
416,65.91694422825462,21.55456178438471,Boden,Norrbotten,2,2021-07-21 12:00:00
417,59.8557508067955,17.551124702847783,Uppsala,Uppsala,1,2022-03-14 00:00:00
418,57.02611150324547,16.02170897178859,Högsby,Kalmar,5,2021-04-24 00:00:00
419,58.72783063079155,16.703522309373593,Nyköping,Södermanland,1,2022-03-21 00:00:00
420,62.29146455901418,15.53325761351628,Ljusdal,Gävleborg,3,2021-06-06 12:00:00
421,62.29154417428879,15.532678822059134,Ljusdal,Gävleborg,15,2021-06-06 12:00:00
422,62.29151611769091,15.532101007200728,Ljusdal,Gävleborg,4,2021-06-06 12:00:00
423,62.29064662513899,15.532532823630051,Ljusdal,Gävleborg,1,2021-06-06 12:00:00
424,62.28966260704057,15.5340446505629,Ljusdal,Gävleborg,1,2021-06-06 12:00:00
425,62.28977512336445,15.536529189484236,Ljusdal,Gävleborg,9,2021-06-06 12:00:00
426,62.289613394625846,15.536415030519077,Ljusdal,Gävleborg,15,2021-06-06 12:00:00
427,62.2893011140586,15.537323402506816,Ljusdal,Gävleborg,28,2021-06-06 12:00:00
428,62.216797563695536,16.171425200202336,Nordanstig,Gävleborg,1,2021-06-07 00:00:00
429,62.216506517564106,16.169499559403555,Nordanstig,Gävleborg,1,2021-06-07 00:00:00
430,62.21655288839409,16.168923478016403,Nordanstig,Gävleborg,1,2021-06-07 00:00:00
431,58.957317358244296,16.30406889594999,Katrineholm,Södermanland,1,2022-03-20 00:00:00
432,59.537289695346736,15.016185131327182,Nora,Örebro,1,2022-03-29 00:00:00
433,58.85834590819156,16.34577673270768,Katrineholm,Södermanland,1,2022-04-02 00:00:00
434,58.838513304288085,17.01372548267745,Nyköping,Södermanland,1,2022-04-01 00:00:00
435,59.461550099850115,17.423995361519275,Enköping,Uppsala,1,2022-03-16 00:00:00
436,60.12092748534538,16.72565441846632,Sala,Västmanland,1,2021-06-08 12:00:00
437,60.12301774698126,16.725820642107525,Sala,Västmanland,4,2021-06-08 12:00:00
438,60.123169185809466,16.72598676802856,Sala,Västmanland,3,2021-06-08 12:00:00
439,60.12579292640427,16.72559221444221,Sala,Västmanland,1,2021-06-08 12:00:00
440,60.13107714865219,16.732415173178595,Sala,Västmanland,1,2021-06-08 12:00:00
441,60.1304943244731,16.732326823188064,Sala,Västmanland,1,2021-06-08 12:00:00
442,60.1311613536498,16.733209253199362,Sala,Västmanland,1,2021-06-08 12:00:00
443,60.12795683219465,16.726786044437606,Sala,Västmanland,1,2021-07-25 12:00:00
444,60.20376451129973,16.74899782572202,Sandviken,Gävleborg,1,2021-07-27 00:00:00
445,60.203982324649296,16.748661439913928,Sandviken,Gävleborg,1,2021-07-27 00:00:00
446,60.205650871212484,16.748799465659605,Sandviken,Gävleborg,1,2021-07-27 00:00:00
447,60.206296484802756,16.747627697188957,Sandviken,Gävleborg,3,2021-07-27 00:00:00
448,60.198114265382884,16.750873172045047,Sandviken,Gävleborg,1,2021-07-27 00:00:00
449,60.203982324649296,16.748661439913928,Sandviken,Gävleborg,2,2021-06-10 00:00:00
450,60.206296484802756,16.747627697188957,Sandviken,Gävleborg,5,2021-06-10 00:00:00
451,60.20596380232796,16.74770833847261,Sandviken,Gävleborg,3,2021-06-10 00:00:00
452,60.20492561840497,16.747281847694012,Sandviken,Gävleborg,7,2021-06-10 00:00:00
453,58.6500550818313,16.69959649569024,Norrköping,Östergötland,1,2021-06-23 12:00:00
454,58.649784953054926,16.69971016989276,Norrköping,Östergötland,2,2021-06-23 12:00:00
455,58.65027240681308,16.698034545691293,Norrköping,Östergötland,1,2021-06-23 12:00:00
456,60.22051885393001,16.73681295728261,Sandviken,Gävleborg,3,2021-06-10 12:00:00
457,57.1067058478208,15.124325284382822,Växjö,Kronoberg,2,2022-04-13 00:00:00
458,59.63025321562643,16.52099428476051,Västerås,Västmanland,1,2020-11-17 00:00:00
459,59.43757161161977,16.338297210746628,Eskilstuna,Södermanland,1,2020-06-05 12:00:00
460,58.30936738523777,16.8268192658344,Söderköping,Östergötland,1,2020-11-17 00:00:00
461,57.17920609184603,16.455011017534563,Oskarshamn,Kalmar,1,2020-05-20 12:00:00
462,56.824932814373945,14.292720326774864,Alvesta,Kronoberg,1,2020-06-30 12:00:00
463,56.82834500760964,14.293401768238088,Alvesta,Kronoberg,2,2020-06-08 12:00:00
464,56.82650120142971,14.292444110167317,Alvesta,Kronoberg,1,2020-06-08 12:00:00
465,56.824932814373945,14.292720326774864,Alvesta,Kronoberg,1,2020-06-08 12:00:00
466,56.82834500760964,14.293401768238088,Alvesta,Kronoberg,9,2020-05-22 12:00:00
467,56.82650120142971,14.292444110167317,Alvesta,Kronoberg,2,2020-05-22 12:00:00
468,56.82834500760964,14.293401768238088,Alvesta,Kronoberg,3,2020-06-30 12:00:00
469,56.82895718251561,14.290559375044516,Alvesta,Kronoberg,1,2020-06-30 12:00:00
470,59.69171839582132,15.629002048724885,Skinnskatteberg,Västmanland,1,2020-06-29 12:00:00
471,66.74742120210692,21.917447055692023,Gällivare,Norrbotten,7,2020-07-19 00:00:00
472,58.418797822001906,14.337363063932457,Karlsborg,Västra Götaland,1,2019-06-19 00:00:00
473,57.18910828774051,15.74055450115066,Högsby,Kalmar,1,2020-09-15 00:00:00
474,59.04935216288987,16.618441796259717,Flen,Södermanland,1,2020-11-09 00:00:00
475,65.51788789371328,18.982776175454394,Arvidsjaur,Norrbotten,2,2020-07-08 00:00:00
476,59.01817077680966,18.12847198083742,Haninge,Stockholm,1,2021-04-19 00:00:00
477,59.58129839220907,18.18880304789901,Vallentuna,Stockholm,50,2021-04-23 00:00:00
478,56.64570916493229,16.50176808126475,Mörbylånga,Kalmar,1,2021-04-24 00:00:00
479,59.77312197677801,17.564969586961922,Uppsala,Uppsala,20,2021-04-24 00:00:00
480,59.59460207076776,18.256219870970092,Vallentuna,Stockholm,100,2021-04-25 00:00:00
481,58.36251845474355,13.879778390438053,Skövde,Västra Götaland,1,2021-04-25 00:00:00
482,59.95314228217267,18.80854524151527,Norrtälje,Stockholm,5,2021-05-02 00:00:00
483,59.77010862133019,17.65693674493389,Knivsta,Uppsala,1,2021-05-03 00:00:00
484,59.53872664665084,18.130767022394462,Vallentuna,Stockholm,100,2021-05-07 00:00:00
485,59.54088885270041,18.132896590645373,Vallentuna,Stockholm,100,2021-05-07 00:00:00
486,59.54037335415489,18.129059085163124,Vallentuna,Stockholm,100,2021-05-09 00:00:00
487,59.325928629071726,15.038380835894097,Örebro,Örebro,1,2021-05-10 00:00:00
488,59.54093565612358,18.137833605698436,Vallentuna,Stockholm,50,2021-05-10 00:00:00
489,59.82535444375162,16.20744547025902,Surahammar,Västmanland,1,2021-05-12 00:00:00
490,59.93905268501626,18.413281092007125,Norrtälje,Stockholm,100,2021-05-20 00:00:00
491,59.044086518570715,16.831928853355162,Flen,Södermanland,1,2021-06-04 00:00:00
492,56.90287815193072,16.109230731322107,Nybro,Kalmar,1,2021-05-31 00:00:00
493,58.89637380257623,16.312525203171965,Katrineholm,Södermanland,1,2021-06-06 00:00:00
494,59.93065625071436,12.596154004865562,Arvika,Värmland,1,2021-06-02 00:00:00
495,58.95827456235924,16.30260556202339,Katrineholm,Södermanland,1,2021-06-04 00:00:00
496,59.65730064390149,12.980494593253228,Arvika,Värmland,1,2021-06-07 00:00:00
497,59.7760914655571,18.32311937875542,Norrtälje,Stockholm,1,2021-06-06 00:00:00
498,59.93311062769932,18.415856525845623,Norrtälje,Stockholm,5,2021-05-30 12:00:00
499,59.93623533104493,18.412701928524967,Norrtälje,Stockholm,2,2021-05-30 12:00:00
500,59.94382274096602,18.41592907936369,Norrtälje,Stockholm,5,2021-05-30 12:00:00
501,59.93623533104493,18.412701928524967,Norrtälje,Stockholm,1,2021-05-30 12:00:00
502,59.94003102028504,18.415577272407557,Norrtälje,Stockholm,1,2021-05-30 12:00:00
503,59.52564014649067,14.980199735630281,Nora,Örebro,1,2021-06-17 00:00:00
504,59.8671532386747,18.93262601410292,Norrtälje,Stockholm,1,2021-06-17 00:00:00
505,59.90911363973299,17.708288519770033,Uppsala,Uppsala,1,2021-06-22 00:00:00
506,59.43081329165967,14.807312523434257,Nora,Örebro,1,2021-06-24 00:00:00
507,59.215019123765515,15.227706654691868,Örebro,Örebro,2,2021-06-27 00:00:00
508,59.83797650432607,18.64051726249564,Norrtälje,Stockholm,1,2021-06-14 12:00:00
509,59.93623533104493,18.412701928524967,Norrtälje,Stockholm,6,2021-06-20 00:00:00
510,59.93311062769932,18.415856525845623,Norrtälje,Stockholm,3,2021-06-20 00:00:00
511,59.93772891874023,18.412103331694496,Norrtälje,Stockholm,2,2021-06-20 00:00:00
512,64.38915050854911,17.124599589263326,Åsele,Västerbotten,1,2021-07-01 00:00:00
513,58.82580073682746,16.326591748778206,Katrineholm,Södermanland,1,2021-07-11 00:00:00
514,59.94382274096602,18.41592907936369,Norrtälje,Stockholm,8,2021-07-13 12:00:00
515,59.94003102028504,18.415577272407557,Norrtälje,Stockholm,1,2021-07-13 12:00:00
516,59.93623533104493,18.412701928524967,Norrtälje,Stockholm,2,2021-07-13 12:00:00
517,59.938636251305944,18.414358010643543,Norrtälje,Stockholm,5,2021-07-13 12:00:00
518,59.93794782864142,18.413749122939695,Norrtälje,Stockholm,7,2021-07-13 12:00:00
519,58.19457737406884,14.91051203840126,Boxholm,Östergötland,2,2021-06-12 00:00:00
520,59.7760914655571,18.32311937875542,Norrtälje,Stockholm,1,2021-07-23 00:00:00
521,58.971579473688564,16.25829214432682,Katrineholm,Södermanland,1,2021-08-02 00:00:00
522,58.96859237539069,16.265293201466342,Katrineholm,Södermanland,1,2021-08-02 00:00:00
523,58.49681693493529,13.690027994821016,Skövde,Västra Götaland,1,2019-08-15 00:00:00
524,58.493531922084635,13.690139909155898,Skövde,Västra Götaland,1,2019-08-15 00:00:00
525,58.493531922084635,13.690139909155898,Skövde,Västra Götaland,1,2019-06-26 00:00:00
526,59.44979154294183,14.84328304597513,Nora,Örebro,2,2021-05-22 00:00:00
527,58.99097349575845,15.622788548422966,Örebro,Örebro,1,2021-05-24 00:00:00
528,56.98025239744885,16.055027158311198,Högsby,Kalmar,1,2021-05-20 00:00:00
529,57.85244930684873,11.966578403361671,Göteborg,Västra Götaland,2,2021-05-28 00:00:00
530,59.59230834995122,18.253059682903277,Vallentuna,Stockholm,20,2021-05-28 00:00:00
531,63.22087982803539,15.739266249828775,Ragunda,Jämtland,1,2021-05-22 12:00:00
532,63.22166923232994,15.739105340251603,Ragunda,Jämtland,84,2021-05-22 12:00:00
533,63.22166923232994,15.739105340251603,Ragunda,Jämtland,12,2021-08-01 00:00:00
534,58.80839830404673,16.76585326962745,Nyköping,Södermanland,1,2022-04-20 00:00:00
535,56.64570916493229,16.50176808126475,Mörbylånga,Kalmar,1,2022-04-23 00:00:00
536,61.507304845106205,16.867902438367018,Hudiksvall,Gävleborg,1,2022-04-28 00:00:00
537,61.50670248649843,16.866886391266373,Hudiksvall,Gävleborg,1,2022-04-28 00:00:00
538,61.50734825647054,16.865781361991516,Hudiksvall,Gävleborg,1,2022-04-28 00:00:00
539,61.50796272647496,16.86754918332972,Hudiksvall,Gävleborg,1,2022-04-28 00:00:00
540,61.50787191813,16.8665317528878,Hudiksvall,Gävleborg,1,2022-04-28 00:00:00
541,61.508124448834764,16.866371292853145,Hudiksvall,Gävleborg,1,2022-04-28 00:00:00
542,61.50777315061938,16.86538257031938,Hudiksvall,Gävleborg,1,2022-04-28 00:00:00
543,61.50769327673896,16.865267150719937,Hudiksvall,Gävleborg,1,2022-04-28 00:00:00
544,56.64508312791147,16.504511332331205,Mörbylånga,Kalmar,1,2022-04-29 00:00:00
545,64.23819841165952,15.36740023807536,Strömsund,Jämtland,1,2021-06-14 00:00:00
546,67.73703788361742,20.89029571290406,Kiruna,Norrbotten,70,2021-07-23 00:00:00
547,64.23781035561021,15.366623124129147,Strömsund,Jämtland,1,2021-06-13 12:00:00
548,56.64536374593128,16.502511549406368,Mörbylånga,Kalmar,1,2022-04-24 00:00:00
549,56.77122118079149,16.293337777305126,Kalmar,Kalmar,1,2019-06-29 00:00:00
550,55.54251302959924,13.321148598822955,Svedala,Skåne,3,2022-04-12 00:00:00
551,64.3083804193934,15.137128310212638,Strömsund,Jämtland,1,2021-06-14 12:00:00
552,59.96650365592069,17.599817189830826,Uppsala,Uppsala,2,2022-05-03 00:00:00
553,64.24720190149739,15.36059743451391,Strömsund,Jämtland,6,2021-07-27 00:00:00
554,59.81797076192839,17.665901665828205,Uppsala,Uppsala,1,2022-05-08 00:00:00
555,67.45316626782972,22.815962321468366,Pajala,Norrbotten,3,2021-07-20 12:00:00
556,67.4194589471744,22.856216399181104,Pajala,Norrbotten,15,2021-07-20 12:00:00
557,67.45233456609672,22.8035984616344,Pajala,Norrbotten,1,2021-07-20 12:00:00
558,67.44800490458863,22.788115075095966,Pajala,Norrbotten,7,2021-07-20 12:00:00
559,67.45789647410727,22.806697810040543,Pajala,Norrbotten,1,2021-07-20 12:00:00
560,67.45789647410727,22.806697810040543,Pajala,Norrbotten,1,2021-07-20 12:00:00
561,56.64570916493229,16.50176808126475,Mörbylånga,Kalmar,2,2022-05-11 00:00:00
562,59.541262745339125,18.13408952066101,Vallentuna,Stockholm,12,2022-05-11 00:00:00
563,59.61419278068745,17.375355933319543,Enköping,Uppsala,1,2022-05-06 00:00:00
564,56.92651777621486,15.632825636190985,Uppvidinge,Kronoberg,30,2022-05-11 00:00:00
565,59.105755438887996,16.509455211300278,Flen,Södermanland,1,2022-05-19 00:00:00
566,59.9478686074302,17.712907089673205,Uppsala,Uppsala,4,2022-05-23 00:00:00
567,59.44872101700648,17.914358930116812,Sollentuna,Stockholm,1,2022-05-24 00:00:00
568,59.541262745339125,18.13408952066101,Vallentuna,Stockholm,56,2022-05-21 12:00:00
569,59.54180389990921,18.13647887269286,Vallentuna,Stockholm,2,2022-05-21 12:00:00
570,59.542532095582246,18.138951976186345,Vallentuna,Stockholm,3,2022-05-21 12:00:00
571,56.7201751801249,15.95707699077691,Nybro,Kalmar,1,2022-06-02 00:00:00
572,58.6886587409051,17.112923343014533,Oxelösund,Södermanland,1,2022-06-01 00:00:00
573,63.79620989374318,20.458595734972906,Umeå,Västerbotten,1,2022-06-04 00:00:00
574,58.1496046438864,15.535061769464127,Linköping,Östergötland,1,2022-05-27 00:00:00
575,62.82370467320557,17.404544676496965,Härnösand,Västernorrland,1,2022-06-05 00:00:00
576,59.97507220381107,17.742522309949056,Uppsala,Uppsala,1,2022-06-06 00:00:00
577,59.97876767125295,17.383960810287604,Uppsala,Uppsala,1,2022-06-07 00:00:00
578,63.16855998250554,18.422619092157955,Örnsköldsvik,Västernorrland,6,2022-06-07 00:00:00
579,59.97868456730304,17.38415389792599,Uppsala,Uppsala,2,2022-06-08 00:00:00
580,59.8020727209443,12.160346187402562,Eda,Värmland,1,2021-05-29 00:00:00
581,59.7760914655571,18.32311937875542,Norrtälje,Stockholm,1,2021-05-30 00:00:00
582,63.99374834723418,19.674363810128334,Vännäs,Västerbotten,10,2022-06-10 00:00:00
583,64.63175318857797,19.096381483880315,Lycksele,Västerbotten,20,2022-06-07 00:00:00
584,59.541262745339125,18.13408952066101,Vallentuna,Stockholm,12,2022-06-05 12:00:00
585,59.548595039731175,16.636403905977986,Västerås,Västmanland,1,2022-06-11 00:00:00
586,56.48116093723827,15.111839887418972,Tingsryd,Kronoberg,1,2022-06-11 00:00:00
587,63.208177428994,14.702343912128578,Östersund,Jämtland,1,2022-06-17 00:00:00
588,63.75061174999543,20.31160800869838,Umeå,Västerbotten,10,2022-06-20 00:00:00
589,63.7946268792937,20.451381952625518,Umeå,Västerbotten,10,2022-06-20 00:00:00
590,58.32578675240461,15.71644268303193,Linköping,Östergötland,1,2022-05-14 00:00:00
591,59.82452740539239,16.20192700437425,Surahammar,Västmanland,1,2022-06-28 00:00:00
592,60.62091749204921,15.462925840357462,Falun,Dalarna,1,2022-05-21 00:00:00
593,58.93102812943198,16.27382391190473,Katrineholm,Södermanland,1,2022-06-06 00:00:00
594,60.53672589933825,15.582210441994343,Borlänge,Dalarna,1,2022-08-28 00:00:00
595,57.00160325849216,16.12041602633704,Högsby,Kalmar,1,2022-07-19 00:00:00
596,63.198732391026155,15.69989630696475,Ragunda,Jämtland,1,2021-06-03 00:00:00
597,60.7412589393191,14.29295104544472,Mora,Dalarna,1,2021-06-02 12:00:00
598,59.14721731773632,16.719278755193884,Flen,Södermanland,1,2022-07-16 00:00:00
599,58.633984231440955,16.782432135705818,Nyköping,Södermanland,1,2022-09-19 00:00:00
600,59.80426075078466,17.728989529949303,Uppsala,Uppsala,1,2022-08-22 00:00:00
601,58.71945810189672,17.053717464533598,Nyköping,Södermanland,1,2022-09-20 00:00:00
602,58.26239413559842,15.630896069831458,Linköping,Östergötland,1,2022-05-15 00:00:00
603,58.72014551743685,17.05690077188569,Nyköping,Södermanland,1,2022-09-20 12:00:00
604,60.20308543833651,18.75735370927762,Norrtälje,Stockholm,1,2022-09-10 00:00:00
605,58.63244649537721,16.788656120445296,Nyköping,Södermanland,1,2022-09-27 00:00:00
606,59.475034111784126,17.482500684103186,Enköping,Uppsala,1,2022-06-30 00:00:00
607,59.475034111784126,17.482500684103186,Enköping,Uppsala,1,2022-06-30 00:00:00
608,59.475034111784126,17.482500684103186,Enköping,Uppsala,1,2022-06-30 00:00:00
609,59.155022929218994,16.154096105106778,Katrineholm,Södermanland,1,2022-10-02 00:00:00
610,59.122419145728124,16.35650478342548,Katrineholm,Södermanland,1,2022-10-06 00:00:00
611,59.475034111784126,17.482500684103186,Enköping,Uppsala,1,2022-08-09 12:00:00
612,59.12960705614002,16.350751897924372,Katrineholm,Södermanland,1,2022-10-11 00:00:00
613,63.75486755534953,19.819278275039274,Umeå,Västerbotten,1,2022-11-13 00:00:00
614,62.70414777500733,17.403459848576258,Timrå,Västernorrland,1,2022-06-11 12:00:00
615,62.70115273997389,17.413478259185613,Timrå,Västernorrland,1,2022-06-11 12:00:00
616,62.712783824472254,17.410278743371215,Härnösand,Västernorrland,1,2022-06-11 12:00:00
617,59.84588341946608,16.81564052069936,Enköping,Uppsala,1,2022-07-21 00:00:00
618,60.12435593228454,16.729581849776228,Sala,Västmanland,6,2022-06-08 00:00:00
619,62.65445651456536,17.133468010884204,Timrå,Västernorrland,1,2022-09-12 00:00:00
620,62.79925842080551,18.219750820227773,Kramfors,Västernorrland,1,2022-09-09 00:00:00
621,59.70103261442441,16.524225074359062,Västerås,Västmanland,1,2022-10-23 00:00:00
622,63.79497297749532,20.45152032890405,Umeå,Västerbotten,5,2022-07-11 00:00:00
623,63.79497297749532,20.45152032890405,Umeå,Västerbotten,172,2022-06-03 12:00:00
624,63.79447292403408,20.4514175559222,Umeå,Västerbotten,1,2022-09-06 12:00:00
625,63.79447292403408,20.4514175559222,Umeå,Västerbotten,5,2022-07-11 00:00:00
626,63.79447292403408,20.4514175559222,Umeå,Västerbotten,109,2022-06-03 12:00:00
627,63.79756796316363,20.452720787128317,Umeå,Västerbotten,1,2022-06-03 12:00:00
628,63.79495397571446,20.451273250517644,Umeå,Västerbotten,2,2022-07-11 00:00:00
629,63.79495397571446,20.451273250517644,Umeå,Västerbotten,2,2022-06-03 12:00:00
630,63.79459325372887,20.45103082393789,Umeå,Västerbotten,2,2022-07-11 00:00:00
631,63.79459325372887,20.45103082393789,Umeå,Västerbotten,2,2022-06-03 12:00:00
632,63.7946268792937,20.451381952625518,Umeå,Västerbotten,1200,2022-09-06 12:00:00
633,63.7946268792937,20.451381952625518,Umeå,Västerbotten,4000,2022-07-11 00:00:00
634,63.7946268792937,20.451381952625518,Umeå,Västerbotten,5040,2022-06-03 12:00:00
635,63.75061174999543,20.31160800869838,Umeå,Västerbotten,600,2022-09-07 00:00:00
636,63.75061174999543,20.31160800869838,Umeå,Västerbotten,7200,2022-07-11 12:00:00
637,63.75061174999543,20.31160800869838,Umeå,Västerbotten,8360,2022-05-28 12:00:00
638,58.631188207133455,16.787656692117224,Nyköping,Södermanland,1,2022-12-06 00:00:00
639,65.55120208826287,21.432305875453544,Piteå,Norrbotten,1,2022-06-09 12:00:00
640,62.68610126344358,17.407369155726045,Timrå,Västernorrland,1,2022-06-10 12:00:00
641,63.978073482410416,18.53480705692422,Bjurholm,Västerbotten,6,2022-08-02 00:00:00
642,63.97910750517873,18.536624454894675,Bjurholm,Västerbotten,4,2022-08-02 00:00:00
643,63.978579614972,18.53796254589365,Bjurholm,Västerbotten,2,2022-08-02 00:00:00
644,63.97310879999237,18.54198483218019,Bjurholm,Västerbotten,1,2022-08-02 00:00:00
645,63.979322166531276,18.536665833383882,Bjurholm,Västerbotten,1,2022-08-02 00:00:00
646,63.97394291490189,18.54392564816045,Bjurholm,Västerbotten,9,2022-08-02 00:00:00
647,63.974308311121426,18.542163358684334,Bjurholm,Västerbotten,1,2022-08-02 00:00:00
648,63.978579614972,18.53796254589365,Bjurholm,Västerbotten,13,2022-08-02 00:00:00
649,64.29702375509741,19.484158013038712,Vindeln,Västerbotten,5,2022-07-29 12:00:00
650,64.27502576890733,20.281432454243262,Umeå,Västerbotten,4,2022-07-29 12:00:00
651,64.27529072101031,20.28275754957522,Umeå,Västerbotten,36,2022-07-29 12:00:00
652,64.2756899874956,20.282925743799243,Umeå,Västerbotten,4,2022-07-29 12:00:00
653,64.31710023407567,18.570113987004305,Lycksele,Västerbotten,4,2022-07-29 12:00:00
654,64.24136159049137,20.29483530035114,Umeå,Västerbotten,1,2022-07-26 00:00:00
655,64.27411986147193,20.282546865327394,Umeå,Västerbotten,2,2022-07-29 12:00:00
656,64.27495461026363,20.28404713660219,Umeå,Västerbotten,5,2022-07-29 12:00:00
657,64.24193887733337,20.296519493092486,Umeå,Västerbotten,1,2022-07-26 00:00:00
658,64.24038730121572,20.296122734658063,Umeå,Västerbotten,4,2022-07-26 00:00:00
659,64.24065431287167,20.296207436722852,Umeå,Västerbotten,25,2022-07-26 00:00:00
660,64.24088064137855,20.30140765090631,Umeå,Västerbotten,4,2022-07-26 00:00:00
661,64.23884175392682,20.30107592048381,Umeå,Västerbotten,1,2022-07-26 00:00:00
662,64.23912917988552,20.30108137695267,Umeå,Västerbotten,1,2022-07-26 00:00:00
663,64.23896707600473,20.304008291023145,Umeå,Västerbotten,1,2022-07-26 00:00:00
664,64.24117982686141,20.29782123692522,Umeå,Västerbotten,1,2022-07-26 00:00:00
665,64.2397140706169,20.302808114753994,Umeå,Västerbotten,2,2022-07-26 00:00:00
666,64.3624249837931,20.778087245820892,Robertsfors,Västerbotten,1,2022-07-29 00:00:00
667,64.36141309181254,20.77902474465183,Robertsfors,Västerbotten,2,2022-07-29 00:00:00
668,64.35292926658951,19.496481025835852,Vindeln,Västerbotten,1,2022-07-30 12:00:00
669,64.3584127696655,20.0165163124351,Vindeln,Västerbotten,3,2022-07-28 00:00:00
670,64.3586888997928,20.016600081847532,Vindeln,Västerbotten,3,2022-07-28 00:00:00
671,64.35849229769217,20.01374970959835,Vindeln,Västerbotten,1,2022-07-28 00:00:00
672,64.35787462766915,20.014920106495293,Vindeln,Västerbotten,1,2022-07-28 00:00:00
673,64.3581883222277,20.014947398566314,Vindeln,Västerbotten,7,2022-07-28 00:00:00
674,64.35999348734705,20.007467695016384,Vindeln,Västerbotten,6,2022-07-28 00:00:00
675,64.35833969329082,20.007173458821732,Vindeln,Västerbotten,2,2022-07-28 00:00:00
676,64.35873271759148,20.007254261373166,Vindeln,Västerbotten,51,2022-07-28 00:00:00
677,64.35892022215273,20.008547899410424,Vindeln,Västerbotten,1,2022-07-28 00:00:00
678,59.793865415384104,17.68602652207765,Uppsala,Uppsala,1,2022-06-18 00:00:00
679,59.904793561970514,17.996389424851348,Uppsala,Uppsala,1,2022-06-18 00:00:00
680,59.894101018933675,17.995220698387286,Uppsala,Uppsala,1,2022-06-18 00:00:00
681,59.89620896908501,18.002901255233432,Uppsala,Uppsala,1,2022-06-18 00:00:00
682,60.07352987438935,17.139398497987195,Heby,Uppsala,1,2023-02-04 00:00:00
683,56.8401662057948,15.733368075766437,Nybro,Kalmar,1,2023-02-10 00:00:00
684,59.06498724675456,16.440322689728838,Katrineholm,Södermanland,1,2021-07-16 12:00:00
685,64.19698947916105,20.586802356375745,Robertsfors,Västerbotten,1,2022-05-31 12:00:00
686,62.70919214210456,17.409673640914786,Timrå,Västernorrland,1,2022-09-21 00:00:00
687,62.67687424494303,17.407514918356178,Timrå,Västernorrland,1,2022-09-10 00:00:00
688,62.68281663400659,17.412874085592303,Timrå,Västernorrland,1,2022-09-23 00:00:00
689,56.950378256137355,14.770768057426999,Växjö,Kronoberg,1,2022-10-18 00:00:00
690,60.384387876905876,18.14134980859514,Östhammar,Uppsala,1,2022-04-11 00:00:00
691,63.743278412957004,19.762123668006815,Nordmaling,Västerbotten,1,2022-11-01 00:00:00
692,57.88341428893235,13.872390964194206,Habo,Jönköping,1,2022-11-05 00:00:00
693,60.86002794636969,15.82212182211309,Falun,Dalarna,1,2021-08-02 12:00:00
694,64.07640975906315,19.603861841867335,Vindeln,Västerbotten,1,2021-08-05 12:00:00
695,59.409140124521414,17.88806693957816,Järfälla,Stockholm,1,2022-06-03 00:00:00
696,59.03857289584999,17.931263148788144,Nynäshamn,Stockholm,1,2022-10-05 00:00:00
697,63.168177190267784,14.59222385830213,Östersund,Jämtland,2,2023-03-12 12:00:00
698,63.168177190267784,14.59222385830213,Östersund,Jämtland,10,2023-03-15 00:00:00
699,58.69603449538196,16.617690382794375,Nyköping,Södermanland,1,2023-03-15 00:00:00
700,65.94567762998703,21.597772744627115,Boden,Norrbotten,2,2022-06-23 12:00:00
701,65.92752313782145,21.525079432904345,Boden,Norrbotten,1,2022-06-23 00:00:00
702,56.75656700082405,14.792636846107847,Växjö,Kronoberg,1,2023-04-07 00:00:00
703,66.03230870241106,21.473975428140836,Boden,Norrbotten,7,2022-06-18 00:00:00
704,63.79497297749532,20.45152032890405,Umeå,Västerbotten,1,2022-06-03 12:00:00
705,60.44202357460119,13.85591939306723,Malung-Sälen,Dalarna,9,2022-06-09 00:00:00
706,60.440338948388614,13.860435285718866,Malung-Sälen,Dalarna,25,2022-08-22 00:00:00
707,60.440338948388614,13.860435285718866,Malung-Sälen,Dalarna,70,2022-06-09 00:00:00
708,60.43851961752561,13.860035401248927,Malung-Sälen,Dalarna,1,2022-06-09 00:00:00
709,60.302123993695076,16.55554703393337,Avesta,Dalarna,2,2022-06-08 12:00:00
710,60.13554370671641,14.709288197275917,Ludvika,Dalarna,1,2022-06-03 12:00:00
711,60.77925750869367,16.113220171707514,Falun,Dalarna,5,2022-06-08 12:00:00
712,60.778817425793136,16.113362798083124,Falun,Dalarna,1,2022-06-08 12:00:00
713,60.75526863514498,14.36865664651296,Mora,Dalarna,1,2022-06-14 00:00:00
714,61.43142951793253,13.640628418098302,Älvdalen,Dalarna,1,2022-06-14 00:00:00
715,61.429838047851796,13.63483484827133,Älvdalen,Dalarna,3,2022-06-14 00:00:00
716,61.42932154920791,13.631722045918083,Älvdalen,Dalarna,1,2022-06-14 00:00:00
717,59.98729317800177,15.894613889143914,Fagersta,Västmanland,2,2023-04-27 00:00:00
718,57.165653555708,16.24380234363367,Mönsterås,Kalmar,1,2022-05-31 00:00:00
719,56.75990857519248,15.907925558796185,Nybro,Kalmar,1,2023-05-12 00:00:00
720,59.04443063554368,16.83268827107015,Flen,Södermanland,1,2023-05-12 00:00:00
721,59.353177544370816,18.20198622805324,Lidingö,Stockholm,50,2023-05-13 00:00:00
722,59.49350016384868,14.958654203456321,Nora,Örebro,1,2023-05-14 00:00:00
723,59.42024453729468,16.222741270046633,Kungsör,Västmanland,1,2023-05-20 00:00:00
724,57.37603592333826,13.557784665281295,Gislaved,Jönköping,1,2023-05-21 00:00:00
725,59.356307538051894,15.95712132184456,Arboga,Västmanland,20,2023-05-22 00:00:00
726,59.8425915620923,16.80471336360593,Enköping,Uppsala,700,2023-05-24 00:00:00
727,59.84659458717719,16.815376614051722,Enköping,Uppsala,3500,2023-05-24 00:00:00
728,59.743098836780156,17.77990721812301,Knivsta,Uppsala,1,2023-05-23 00:00:00
729,60.015671763967404,17.74312108462325,Uppsala,Uppsala,1,2023-05-27 00:00:00
730,59.840579873984574,17.91305974273013,Uppsala,Uppsala,1,2023-05-13 12:00:00
731,59.81821127356807,17.656484074085903,Uppsala,Uppsala,60,2023-05-11 12:00:00
732,59.81821127356807,17.656484074085903,Uppsala,Uppsala,10,2023-05-27 12:00:00
733,65.76358312874592,21.574872567693323,Boden,Norrbotten,1,2023-06-02 00:00:00
734,58.97643661849542,17.09723091255403,Nyköping,Södermanland,2,2023-06-03 00:00:00
735,56.08511614279182,13.096212484678654,Svalöv,Skåne,1,2023-06-04 00:00:00
736,63.20607752339702,14.708088802787383,Östersund,Jämtland,4,2023-06-06 00:00:00
737,59.353177544370816,18.20198622805324,Lidingö,Stockholm,6,2023-06-08 00:00:00
738,59.543094129832795,18.139662872225955,Vallentuna,Stockholm,20,2023-05-26 12:00:00
739,59.543094129832795,18.139662872225955,Vallentuna,Stockholm,24,2023-05-26 12:00:00
740,59.612232119897236,18.519502241174557,Norrtälje,Stockholm,1,2023-06-10 00:00:00
741,60.01717659490186,18.380558725028887,Uppsala,Uppsala,1,2023-06-11 00:00:00
742,60.049300000289165,18.45634363841059,Norrtälje,Stockholm,9,2023-05-29 12:00:00
743,60.05001028532669,18.449127712728046,Norrtälje,Stockholm,2,2023-05-27 12:00:00
744,55.69551786313006,13.464653126551523,Lund,Skåne,1,2023-06-21 00:00:00
745,58.51868637657186,15.993819205775281,Norrköping,Östergötland,2,2023-06-25 00:00:00
746,57.643784420004344,12.200044380234095,Härryda,Västra Götaland,8,2023-06-28 00:00:00
747,58.10980459973838,15.890008551629114,Kinda,Östergötland,1,2022-07-04 00:00:00
748,59.54174062908577,18.13498902522315,Vallentuna,Stockholm,1,2022-06-23 00:00:00
749,59.06568602158305,13.989262186848782,Kristinehamn,Värmland,2,2022-07-21 00:00:00
750,59.40118018227526,15.76299127370841,Arboga,Västmanland,1,2022-07-19 00:00:00
751,63.812678282479595,20.101078656617954,Umeå,Västerbotten,1,2022-08-16 00:00:00
752,59.829157012132306,16.208507466643198,Surahammar,Västmanland,1,2023-07-09 00:00:00
753,60.049300000289165,18.45634363841059,Norrtälje,Stockholm,21,2023-06-25 12:00:00
754,58.9292034081015,15.325858499128062,Hallsberg,Örebro,1,2023-07-22 00:00:00
755,64.2074044112952,19.22117279257262,Vindeln,Västerbotten,3,2023-06-21 12:00:00
756,64.20756608555581,19.223089049421016,Vindeln,Västerbotten,1,2023-06-21 12:00:00
757,63.792673075649056,20.47179372638241,Umeå,Västerbotten,327,2023-06-07 12:00:00
758,63.79282744349601,20.472855995745437,Umeå,Västerbotten,950,2023-06-07 12:00:00
759,56.79468462826528,12.872853068863716,Halmstad,Halland,1,2023-08-20 00:00:00
760,59.63464150216162,18.237095052511325,Vallentuna,Stockholm,1,2023-08-19 00:00:00
761,56.77205819280027,15.064378437602233,Växjö,Kronoberg,3,2023-09-10 00:00:00
762,56.77408861778921,15.882236152620036,Nybro,Kalmar,1,2023-09-12 00:00:00
763,63.79278535819722,20.472767715191775,Umeå,Västerbotten,1800,2023-06-07 12:00:00
764,63.75061174999543,20.31160800869838,Umeå,Västerbotten,9000,2023-06-01 00:00:00
765,63.79265889742671,20.471953998704457,Umeå,Västerbotten,8,2023-06-07 12:00:00
766,59.48325523040669,17.495280944977345,Upplands-Bro,Stockholm,1,2023-06-06 00:00:00
767,60.212014057258656,16.731052473751223,Sandviken,Gävleborg,1,2023-09-23 00:00:00
768,60.18362358597842,16.498402123206116,Avesta,Dalarna,1,2023-09-12 00:00:00
769,60.26010991974801,16.818033719830837,Sandviken,Gävleborg,1,2023-09-19 00:00:00
770,59.088119103435616,16.666753518680764,Flen,Södermanland,1,2023-08-13 00:00:00
771,59.03354584816621,17.318124803881073,Gnesta,Södermanland,1,2023-10-18 00:00:00
772,59.03354584816621,17.318124803881073,Gnesta,Södermanland,1,2023-10-18 00:00:00
773,63.75061174999543,20.31160800869838,Umeå,Västerbotten,2800,2023-07-19 00:00:00
774,63.79278535819722,20.472767715191775,Umeå,Västerbotten,1100,2023-07-18 12:00:00
775,63.79282744349601,20.472855995745437,Umeå,Västerbotten,22,2023-07-18 12:00:00
776,57.71994944938407,18.693950155825924,Gotland,Gotland,1,2023-05-06 12:00:00
777,56.367940366889144,13.357782533920533,Örkelljunga,Skåne,6,2023-06-03 12:00:00
778,58.21417659295397,15.997791329653596,Åtvidaberg,Östergötland,1,2019-05-03 00:00:00
779,63.75061174999543,20.31160800869838,Umeå,Västerbotten,40,2023-09-09 00:00:00
780,63.79278535819722,20.472767715191775,Umeå,Västerbotten,40,2023-09-08 00:00:00
781,56.55217816945784,15.258672060426695,Tingsryd,Kronoberg,2,2023-05-13 00:00:00
782,59.32807262298775,16.404936055397336,Eskilstuna,Södermanland,1,2023-11-26 00:00:00
783,62.191840062051895,17.69322538654014,Sundsvall,Västernorrland,2,2023-06-12 12:00:00
784,62.189822528099626,17.68912309547427,Sundsvall,Västernorrland,1,2023-06-12 12:00:00
785,62.20315262969551,17.71199667652795,Sundsvall,Västernorrland,1,2023-06-12 00:00:00
786,62.20238932500946,17.71006520091075,Sundsvall,Västernorrland,1,2023-06-12 00:00:00
787,61.54949761040493,17.377630351435474,Hudiksvall,Gävleborg,1,2023-06-19 12:00:00
788,59.15634249391319,18.122445024197564,Haninge,Stockholm,1,2023-06-28 00:00:00
789,58.00890043472157,14.539034157449422,Jönköping,Jönköping,2,2023-05-09 00:00:00
790,60.14719317146347,14.839274597508869,Ludvika,Dalarna,2,2023-09-14 00:00:00
791,60.09894433075045,17.760180279705104,Uppsala,Uppsala,1,2024-03-08 00:00:00
792,56.77867545007537,14.797913666650587,Växjö,Kronoberg,3,2023-04-27 00:00:00
793,56.77867545007537,14.797913666650587,Växjö,Kronoberg,8,2023-05-30 12:00:00
794,56.77867545007537,14.797913666650587,Växjö,Kronoberg,4,2023-06-24 00:00:00
795,56.756477212910696,14.792639264883517,Växjö,Kronoberg,3,2023-07-25 12:00:00
796,58.99763538459862,16.66409479176241,Flen,Södermanland,1,2024-03-13 00:00:00
797,56.77716849357936,15.88276580311455,Nybro,Kalmar,1,2024-03-17 00:00:00
798,56.64570916493229,16.50176808126475,Mörbylånga,Kalmar,1,2024-03-27 00:00:00
799,62.64550498587761,15.634420120215095,Bräcke,Jämtland,2,2018-05-13 12:00:00
800,59.33875672308118,16.51719909500357,Eskilstuna,Södermanland,1,2024-04-13 00:00:00
801,59.32668681725676,18.277880965237923,Nacka,Stockholm,1,2023-06-01 00:00:00
802,56.86574238827493,14.340020233844196,Alvesta,Kronoberg,1,2024-04-16 00:00:00
803,56.752629422015175,12.906374784552906,Halmstad,Halland,1,2019-02-28 00:00:00
804,63.20607752339702,14.708088802787383,Östersund,Jämtland,1,2024-04-25 00:00:00
805,57.31299156999375,14.579933682413955,Sävsjö,Jönköping,3,2019-06-11 12:00:00
806,59.04510710014691,16.79296718398273,Flen,Södermanland,1,2024-05-04 00:00:00
807,57.141557103113854,16.02057880268365,Högsby,Kalmar,1,2024-05-04 00:00:00
808,59.15759153756424,16.48714875442022,Flen,Södermanland,1,2024-07-24 00:00:00
809,56.790946008412796,16.44737738429151,Kalmar,Kalmar,1,2023-05-30 00:00:00
810,59.33580309803502,17.02825089646206,Strängnäs,Södermanland,1,2024-09-02 00:00:00
811,63.94290464283609,19.479825574560532,Bjurholm,Västerbotten,1,2024-06-16 00:00:00
812,63.94304167889672,19.48008859444058,Bjurholm,Västerbotten,22,2024-06-16 00:00:00
813,63.94313223178343,19.480059628215116,Bjurholm,Västerbotten,17,2024-06-16 00:00:00
814,59.81996206351165,17.574872310497113,Uppsala,Uppsala,1,2023-06-15 00:00:00
815,56.65762418250512,13.066565573110767,Halmstad,Halland,1,2024-09-22 00:00:00
816,58.98223423133593,17.20797379034088,Gnesta,Södermanland,1,2024-09-29 00:00:00
817,64.6808443724721,19.02112422918903,Lycksele,Västerbotten,1,2024-09-11 00:00:00
818,60.500570429988706,18.42171239399806,Östhammar,Uppsala,1,2022-10-30 00:00:00
819,59.02284565060328,16.24324283422231,Katrineholm,Södermanland,1,2024-10-16 00:00:00
820,58.397808453102805,16.46467619738185,Söderköping,Östergötland,1,2023-06-19 00:00:00
821,58.40069032952396,16.4664402248972,Söderköping,Östergötland,1,2023-07-11 00:00:00
822,58.40069032952396,16.4664402248972,Söderköping,Östergötland,320,2023-06-19 00:00:00
823,58.40069032952396,16.4664402248972,Söderköping,Östergötland,205,2023-05-15 00:00:00
824,58.400708812591844,16.466337952679467,Söderköping,Östergötland,3,2023-06-19 00:00:00
825,58.400708812591844,16.466337952679467,Söderköping,Östergötland,230,2023-05-15 00:00:00
826,58.22246822923973,16.211123911108814,Åtvidaberg,Östergötland,13,2023-06-18 00:00:00
827,58.22247709925191,16.21115804576218,Åtvidaberg,Östergötland,1,2023-07-16 00:00:00
828,58.22247709925191,16.21115804576218,Åtvidaberg,Östergötland,38,2023-06-18 00:00:00
829,58.22247709925191,16.21115804576218,Åtvidaberg,Östergötland,4,2023-05-15 00:00:00
830,58.22253112826378,16.211107610340033,Åtvidaberg,Östergötland,4,2023-06-18 00:00:00
831,58.22253112826378,16.211107610340033,Åtvidaberg,Östergötland,7,2023-05-15 00:00:00
832,58.22143631310759,16.21094200002199,Åtvidaberg,Östergötland,6,2023-06-18 00:00:00
833,58.22143631310759,16.21094200002199,Åtvidaberg,Östergötland,3,2023-05-15 00:00:00
834,58.72855269974418,16.224045780817118,Norrköping,Östergötland,1,2023-06-17 00:00:00
835,58.72932635551962,16.223554408164976,Norrköping,Östergötland,3,2023-07-15 00:00:00
836,58.72932635551962,16.223554408164976,Norrköping,Östergötland,20,2023-06-17 00:00:00
837,58.729271430511936,16.2238817585441,Norrköping,Östergötland,109,2023-06-17 00:00:00
838,58.729271430511936,16.2238817585441,Norrköping,Östergötland,18,2023-05-13 00:00:00
839,58.729261614239284,16.224140594440076,Norrköping,Östergötland,290,2023-06-17 00:00:00
840,58.729261614239284,16.224140594440076,Norrköping,Östergötland,8,2023-05-13 00:00:00
841,58.745163279807855,15.788697269027951,Finspång,Östergötland,1,2023-07-13 00:00:00
842,58.745163279807855,15.788697269027951,Finspång,Östergötland,62,2023-06-17 00:00:00
843,56.919283241393316,14.787721221133536,Växjö,Kronoberg,1,2024-05-05 00:00:00
844,63.20607752339702,14.708088802787383,Östersund,Jämtland,1,2024-05-07 00:00:00
845,59.29866143163394,17.84012463672984,Ekerö,Stockholm,1,2024-05-15 00:00:00
846,58.66894793030307,15.931791369673599,Finspång,Östergötland,1,2024-05-14 00:00:00
847,58.284090750751844,11.53491560217015,Uddevalla,Västra Götaland,1,2024-05-18 00:00:00
848,57.84862091401432,15.531383478954048,Ydre,Östergötland,1,2023-05-21 12:00:00
849,57.850251969933126,15.529973264117235,Ydre,Östergötland,1,2023-05-21 12:00:00
850,57.851130433321636,15.529309728596598,Ydre,Östergötland,1,2023-05-21 12:00:00
851,58.9771396448201,17.10861238253039,Nyköping,Södermanland,1,2024-05-26 00:00:00
852,58.68703447118563,17.071475827284523,Oxelösund,Södermanland,1,2024-06-04 00:00:00
853,57.641927098276035,12.214339254808277,Härryda,Västra Götaland,1,2024-05-25 00:00:00
854,59.81821127356807,17.656484074085903,Uppsala,Uppsala,5,2024-06-03 00:00:00
855,59.87144840519987,17.852743157157914,Uppsala,Uppsala,1,2023-07-14 00:00:00
856,58.28412504595815,15.759692185855645,Linköping,Östergötland,2,2024-06-23 00:00:00
857,59.376526855019684,18.009440159574137,Solna,Stockholm,1,2024-06-27 00:00:00
858,56.71900694435121,13.124010484910956,Halmstad,Halland,1,2024-05-22 00:00:00
859,58.78038486788314,16.50831311518117,Katrineholm,Södermanland,1,2024-06-14 00:00:00
860,59.119651834374686,16.277211218217108,Katrineholm,Södermanland,1,2024-05-07 00:00:00
861,58.88563510853399,16.29193997327383,Katrineholm,Södermanland,1,2024-07-03 00:00:00
862,59.027820766505805,18.536680287101195,Haninge,Stockholm,1,2024-07-08 00:00:00
863,57.8648833112931,15.439776632873881,Ydre,Östergötland,1,2023-05-21 12:00:00
864,58.745163279807855,15.788697269027951,Finspång,Östergötland,24,2023-05-14 00:00:00
865,58.74519917743104,15.788610894643568,Finspång,Östergötland,1,2023-07-13 00:00:00
866,58.74519917743104,15.788610894643568,Finspång,Östergötland,104,2023-06-17 00:00:00
867,58.74519917743104,15.788610894643568,Finspång,Östergötland,47,2023-05-14 00:00:00
868,58.74516324898454,15.788472742999245,Finspång,Östergötland,19,2023-06-17 00:00:00
869,58.74516324898454,15.788472742999245,Finspång,Östergötland,7,2023-05-14 00:00:00
870,58.74603454212943,15.792462052322795,Finspång,Östergötland,186,2023-06-17 00:00:00
871,58.74603454212943,15.792462052322795,Finspång,Östergötland,77,2023-05-14 00:00:00
872,59.07604740877841,16.6703749510924,Flen,Södermanland,1,2023-08-27 00:00:00
873,62.877765637764,18.13825097686465,Kramfors,Västernorrland,1,2024-07-13 00:00:00
874,61.07028179591537,14.60335782550136,Orsa,Dalarna,1,2024-07-22 00:00:00
875,59.202746678423175,17.966316917725866,Huddinge,Stockholm,1,2024-10-23 00:00:00
876,59.61429013982423,17.37472260838917,Enköping,Uppsala,1,2024-07-27 12:00:00
877,59.78436352811655,15.739598285001975,Skinnskatteberg,Västmanland,1,2024-06-21 12:00:00
878,59.78436352811655,15.739598285001975,Skinnskatteberg,Västmanland,1,2024-07-13 12:00:00
879,60.85954125225842,15.081953961404208,Rättvik,Dalarna,1,2024-12-26 00:00:00
880,59.70911349816693,16.002834839576785,Surahammar,Västmanland,1,2025-02-01 00:00:00
881,56.86551018378874,14.3609365591091,Alvesta,Kronoberg,1,2024-09-25 00:00:00
882,59.02671369180148,17.415750603688114,Södertälje,Stockholm,1,2025-02-05 00:00:00
883,63.788173138172766,20.409366327535288,Umeå,Västerbotten,1,2025-02-13 00:00:00
884,59.10788844662828,15.141632838843073,Kumla,Örebro,1,2025-02-14 00:00:00
885,57.13130501877206,15.273319259068025,Uppvidinge,Kronoberg,2,2024-05-04 00:00:00
886,57.02766891571604,16.07118510779627,Högsby,Kalmar,2,2024-06-18 00:00:00
887,59.80405364077937,17.729031064651753,Uppsala,Uppsala,1,2023-09-09 00:00:00
888,61.04719801788423,14.428705796299766,Mora,Dalarna,1,2025-03-08 00:00:00
889,63.761464505033054,20.405841292525196,Umeå,Västerbotten,1,2025-03-16 00:00:00
890,57.53527486058872,12.47117647233966,Mark,Västra Götaland,1,2025-03-23 00:00:00
891,59.81845156290628,15.975727069617244,Surahammar,Västmanland,1,2025-03-19 00:00:00
892,60.14916608257446,15.683216323403464,Smedjebacken,Dalarna,1,2025-03-03 00:00:00
893,59.82698699036403,16.198871880997697,Surahammar,Västmanland,1,2025-04-02 00:00:00
894,59.979641392126005,15.741032800365161,Fagersta,Västmanland,2,2025-04-08 00:00:00
895,58.89130009116427,16.816420935383835,Nyköping,Södermanland,1,2025-04-07 00:00:00
896,57.69709368690655,12.05402108172138,Göteborg,Västra Götaland,3,2025-04-09 00:00:00
897,59.97462013400502,17.52832345512932,Uppsala,Uppsala,1,2025-04-20 00:00:00
898,59.44839884320722,14.670973243955366,Karlskoga,Örebro,1,2024-09-05 00:00:00
899,60.67422511831761,15.412944065709324,Leksand,Dalarna,1,2024-08-28 00:00:00
900,60.01734060209241,15.327551811788911,Smedjebacken,Dalarna,1,2024-06-03 00:00:00
901,59.836630665110334,15.443069283498497,Skinnskatteberg,Västmanland,1,2024-05-28 00:00:00
902,60.08018362137245,15.796434490621506,Norberg,Västmanland,1,2024-05-27 00:00:00
903,59.983962075575924,15.570677297239898,Smedjebacken,Dalarna,1,2024-05-27 00:00:00
904,58.78956983605627,16.549830996262386,Katrineholm,Södermanland,1,2024-11-09 00:00:00
905,65.79139912860462,18.73114832766438,Arvidsjaur,Norrbotten,1,2024-07-09 00:00:00
906,59.527014973962594,16.53707909258434,Västerås,Västmanland,1,2025-01-25 00:00:00
907,59.61003623500353,16.262107878145166,Hallstahammar,Västmanland,1,2025-05-24 00:00:00
908,60.03688867620197,18.50911151222557,Norrtälje,Stockholm,1,2025-05-26 00:00:00
909,59.0440877736981,16.83290453776242,Flen,Södermanland,1,2025-06-03 00:00:00
910,60.0321007845405,13.587897494669246,Hagfors,Värmland,1,2025-05-29 00:00:00
911,63.94304167889672,19.48008859444058,Bjurholm,Västerbotten,1,2024-06-16 00:00:00
912,58.0715535530423,16.735566631144987,Valdemarsvik,Östergötland,1,2025-05-05 00:00:00
913,55.8522426314171,13.392209169838347,Eslöv,Skåne,1,2022-06-23 00:00:00
914,61.5437256345751,13.858798926349207,Älvdalen,Dalarna,1,2025-08-21 00:00:00
915,58.316771564792944,16.137196081578494,Åtvidaberg,Östergötland,1,2025-08-26 00:00:00
916,58.455269394170365,16.852300482098318,Norrköping,Östergötland,1,2025-09-09 00:00:00
917,60.88116004388408,15.526531364287164,Leksand,Dalarna,1,2025-09-27 00:00:00
918,58.96501425973626,15.457892566981034,Hallsberg,Örebro,1,2025-05-31 00:00:00
919,62.13868141310462,16.200469385438357,Hudiksvall,Gävleborg,1,2025-06-21 12:00:00
920,58.957752123186815,17.6089062655487,Södertälje,Stockholm,1,2025-10-07 00:00:00
921,59.36925880782607,17.946019481405415,Sundbyberg,Stockholm,1,2025-05-28 12:00:00
922,59.05586267044227,15.169650552543338,Hallsberg,Örebro,1,2025-05-22 00:00:00
923,59.91753236780828,14.79560113794058,Ljusnarsberg,Örebro,1,2025-07-05 12:00:00
924,59.90739408197956,14.806865100776578,Ljusnarsberg,Örebro,1,2025-07-02 12:00:00
925,58.96851041643049,16.30212688493252,Katrineholm,Södermanland,1,2025-11-23 00:00:00
926,59.77622863550404,16.207496750356714,Surahammar,Västmanland,1,2025-01-30 00:00:00
927,58.7999573360175,12.375635448764632,Mellerud,Västra Götaland,1,2023-05-11 00:00:00
928,59.8174862235073,17.63900856249977,Uppsala,Uppsala,1,2025-05-17 00:00:00
929,63.070586997659646,18.35854943306444,Kramfors,Västernorrland,1,2025-06-26 00:00:00
930,56.24530363114972,13.186092377684867,Örkelljunga,Skåne,1,2025-07-11 00:00:00
931,59.7760914655571,18.32311937875542,Norrtälje,Stockholm,1,2025-06-21 00:00:00
932,62.966863478983164,17.606077632804105,Kramfors,Västernorrland,1,2025-06-27 00:00:00
933,65.1573333161723,19.433490193401163,Arvidsjaur,Norrbotten,2,2025-06-13 00:00:00
934,58.957607353895966,15.751088957101135,Vingåker,Södermanland,1,2025-12-12 00:00:00
935,57.97147915131843,12.566434820041312,Alingsås,Västra Götaland,2,2021-06-03 00:00:00
936,63.78616332324071,20.425823953168255,Umeå,Västerbotten,1,2025-06-17 00:00:00
937,64.23055557270379,21.0108604020788,Robertsfors,Västerbotten,1,2023-05-21 00:00:00
938,59.62987398967671,17.191574260456306,Enköping,Uppsala,1,2025-05-07 00:00:00
939,59.90965488152562,18.15923278457124,Uppsala,Uppsala,1,2022-06-12 00:00:00
940,59.597752465361864,18.086236310938457,Vallentuna,Stockholm,2,2019-04-27 00:00:00
941,59.553839313196086,18.147411945134994,Vallentuna,Stockholm,7,2022-06-15 00:00:00
942,59.544562573186624,18.142417321316202,Vallentuna,Stockholm,4,2022-10-10 00:00:00
943,59.554248107077065,18.149156346215904,Vallentuna,Stockholm,5,2022-06-08 00:00:00
944,59.23805730420808,15.529046045262128,Örebro,Örebro,10,2022-04-26 00:00:00
945,59.26342122824895,15.553421117091608,Örebro,Örebro,5,2020-04-13 00:00:00
946,59.3209565690015,15.06336236157521,Örebro,Örebro,4,2021-05-29 00:00:00
947,59.6019173802164,18.230833135728275,Vallentuna,Stockholm,2,2018-05-08 00:00:00
948,59.781764859557036,16.074192932269646,Surahammar,Västmanland,20,2021-04-17 00:00:00
949,59.82698550070591,16.199371054328424,Surahammar,Västmanland,1,2022-06-19 00:00:00
950,58.761059888957014,17.07983343330023,Nyköping,Södermanland,1,2020-10-29 00:00:00
951,58.53287814460345,15.091602159372632,Motala,Östergötland,500,2020-06-01 00:00:00
952,56.23868391018195,12.844982233750383,Ängelholm,Skåne,1,2024-10-20 00:00:00
953,56.35390176510297,13.956111252649231,Osby,Skåne,20,2019-04-20 00:00:00
954,59.47915285263336,18.01965217732122,Täby,Stockholm,4,2019-05-16 00:00:00
955,59.587405940675495,18.3643784786031,Vallentuna,Stockholm,1,2024-06-12 00:00:00
956,59.54800734976091,18.311984212364635,Vallentuna,Stockholm,1,2023-07-14 00:00:00
957,57.054071468955875,14.72460733315637,Växjö,Kronoberg,1,2020-08-06 00:00:00
958,59.24542974205096,18.106048164273158,Stockholm,Stockholm,1,2020-05-25 12:00:00
959,56.76462504850437,15.532731469253719,Emmaboda,Kalmar,1,2019-05-20 00:00:00
960,59.7945194560023,17.626774027599623,Uppsala,Uppsala,1,2020-08-18 00:00:00
961,60.26164541786039,17.662470324980518,Tierp,Uppsala,1,2025-05-27 00:00:00
962,59.941241931481784,17.69924902316686,Uppsala,Uppsala,1,2025-01-31 00:00:00
963,59.80455418518498,17.729184639439904,Uppsala,Uppsala,1,2022-08-22 00:00:00
964,56.772456016006274,16.28520880551149,Kalmar,Kalmar,25,2019-06-24 00:00:00
965,59.46603362170932,18.235928511864916,Österåker,Stockholm,5,2019-10-30 00:00:00
966,58.7035299194494,15.898984259278945,Finspång,Östergötland,1,2022-04-15 00:00:00
967,58.15191814855513,16.190486308256116,Åtvidaberg,Östergötland,1,2021-04-24 00:00:00
968,58.275992084578945,16.25786845071969,Åtvidaberg,Östergötland,1,2019-11-16 00:00:00
969,58.28094666637245,16.2531418920273,Åtvidaberg,Östergötland,6,2025-05-11 00:00:00
970,58.278717461997125,16.248733550205554,Åtvidaberg,Östergötland,1,2023-09-19 00:00:00
971,58.280124621282205,16.25458032252548,Åtvidaberg,Östergötland,1,2025-06-02 00:00:00
972,58.28090338499712,16.252681134826535,Åtvidaberg,Östergötland,1,2025-06-02 00:00:00
973,58.278585354618365,16.42915840069381,Valdemarsvik,Östergötland,1,2025-06-01 00:00:00
974,58.11192492266505,16.291654302017303,Västervik,Kalmar,17,2025-05-10 12:00:00
975,59.080919014742236,12.639077288080932,Åmål,Västra Götaland,1,2019-07-04 00:00:00
976,56.51741910816007,16.03668444737437,Kalmar,Kalmar,1,2019-06-07 00:00:00
977,57.036323580504956,16.040594303893034,Högsby,Kalmar,1,2022-04-22 00:00:00
978,56.64548767598425,16.501226085077036,Mörbylånga,Kalmar,1,2022-05-02 00:00:00
979,56.64548767598425,16.501226085077036,Mörbylånga,Kalmar,1,2022-05-31 00:00:00
980,55.980693906055066,13.814450736780097,Kristianstad,Skåne,1,2022-05-06 00:00:00
981,57.509720492219635,14.156863049778904,Vaggeryd,Jönköping,1,2023-09-15 12:00:00
982,59.4621753033536,17.422808149623908,Enköping,Uppsala,1,2023-02-18 00:00:00
983,59.834715047034386,17.528673973145118,Uppsala,Uppsala,1,2021-05-22 00:00:00
984,59.21094529940325,18.30742348565724,Tyresö,Stockholm,1,2022-06-26 00:00:00
985,63.19753428843656,17.130060341024272,Sollefteå,Västernorrland,1,2022-06-13 00:00:00
986,58.490736746521435,16.708854316313957,Norrköping,Östergötland,1,2019-08-17 00:00:00
987,59.28559440525858,15.16429621180689,Örebro,Örebro,1,2023-04-19 00:00:00
988,59.89342265542198,17.62151633475705,Uppsala,Uppsala,1,2023-08-25 00:00:00
989,59.9338673599114,17.70136909580149,Uppsala,Uppsala,1,2025-01-28 00:00:00
990,62.50368728815523,16.850683113383674,Sundsvall,Västernorrland,1,2020-11-08 00:00:00
991,58.84569793523906,16.232591708576386,Katrineholm,Södermanland,1000,2020-04-11 00:00:00
992,59.98159423819745,15.733667494772195,Fagersta,Västmanland,1,2021-08-03 00:00:00
993,60.13299713522419,15.191747506706388,Ludvika,Dalarna,1,2025-01-01 00:00:00
994,60.135053842770155,15.190089606029192,Ludvika,Dalarna,1,2024-07-12 00:00:00
995,58.189176557038486,13.576724180835118,Falköping,Västra Götaland,3,2020-11-14 00:00:00
996,65.76819338989708,21.576694558022673,Boden,Norrbotten,1,2022-05-07 00:00:00
997,63.659356491440704,20.291050275119307,Umeå,Västerbotten,1,2022-11-07 00:00:00
998,59.821906004786314,17.606961659487276,Uppsala,Uppsala,1,2019-08-27 00:00:00
999,59.82877011022903,17.590123073538663,Uppsala,Uppsala,1,2021-02-26 00:00:00
1000,59.49070561140454,17.93336151001936,Sollentuna,Stockholm,1,2024-05-05 00:00:00
1001,60.49208545909162,16.01308447526854,Hedemora,Dalarna,3,2023-04-22 00:00:00
1002,57.090508493524155,14.873708920665552,Växjö,Kronoberg,1,2019-07-03 00:00:00
1003,59.623911755087306,18.76213502684499,Norrtälje,Stockholm,1,2023-06-30 00:00:00
1004,60.59394552635181,17.562828275492077,Älvkarleby,Uppsala,1,2021-02-27 00:00:00
1005,60.64673773387177,17.52419836335777,Älvkarleby,Uppsala,1,2018-04-07 00:00:00
1006,60.59394552635181,17.562828275492077,Älvkarleby,Uppsala,1,2021-06-09 00:00:00
1007,60.217968707642385,15.12539311073441,Ludvika,Dalarna,1,2024-07-26 00:00:00
1008,57.79115815490738,14.8845964758198,Nässjö,Jönköping,1,2019-01-03 00:00:00
1009,57.79115815490738,14.8845964758198,Nässjö,Jönköping,1,2019-01-03 00:00:00
1010,57.970986598409496,14.971015699793103,Tranås,Jönköping,1,2022-07-30 00:00:00
1011,59.17310806520327,18.238914978376076,Haninge,Stockholm,1,2023-09-09 00:00:00
1012,58.80736661971235,14.813580851272343,Askersund,Örebro,1,2020-04-10 00:00:00
1013,58.80736661971235,14.813580851272343,Askersund,Örebro,1,2020-04-10 00:00:00
1014,57.175177902919444,15.720607884862694,Högsby,Kalmar,1,2018-09-05 00:00:00
1015,58.961228515249964,17.26693148058435,Gnesta,Södermanland,1,2020-07-10 00:00:00
1016,59.28215717282756,18.0964343400641,Stockholm,Stockholm,3,2025-06-26 00:00:00
1017,61.00604367051389,15.190125806391064,Rättvik,Dalarna,1,2024-10-26 00:00:00
1018,57.85803157654891,15.090049283853837,Ydre,Östergötland,1,2025-04-30 00:00:00
1019,59.993022228136056,18.87798072912221,Norrtälje,Stockholm,5,2025-11-25 00:00:00
1020,58.91392046796401,14.528769814280707,Laxå,Örebro,1,2024-09-05 00:00:00
1021,61.11106472154922,14.641242728642514,Orsa,Dalarna,1,2025-08-07 00:00:00
